"","year","matmor","infmor","neomor","under5mor","ISO","earthquake","drought","best","country_name","region","gdp1000","OECD","OECD2023","popdens","urban","agedep","male_edu","temp","rainfall1000"
"1",2000,1450,90.5,60.9,129.2,"AFG",0,1,TRUE,"Afghanistan","Southern Asia",NA,0,0,14.1365395,16.2532406,108.3466346,2.762085613,12.69959288,0.2763704117
"2",2001,1390,87.9,59.7,125.2,"AFG",1,0,TRUE,"Afghanistan","Southern Asia",NA,0,0,14.2315583,16.256613,108.9898856,2.856935828,12.85570384,0.2793078672
"3",2002,1300,85.3,58.5,121.1,"AFG",1,0,TRUE,"Afghanistan","Southern Asia",0.1835327752,0,0,14.3227049,16.4265383,109.3471569,2.954240884,12.7108084,0.3805709737
"4",2003,1240,82.7,57.2,116.9,"AFG",1,0,TRUE,"Afghanistan","Southern Asia",0.2004625667,0,0,14.4069064,16.6070093,109.4475325,3.054121108,12.16592365,0.4288939381
"5",2004,1180,80,55.9,112.6,"AFG",1,0,TRUE,"Afghanistan","Southern Asia",0.2216576042,0,0,15.2194711,16.7136659,109.2868198,3.156705709,13.0464349,0.3754336236
"6",2005,1140,77.3,54.6,108.4,"AFG",1,0,TRUE,"Afghanistan","Southern Asia",0.25505512,0,0,15.3361889,16.8509552,107.9646046,3.262133088,12.23141284,0.4415679956
"7",2006,1120,74.6,53.2,104.1,"AFG",1,1,TRUE,"Afghanistan","Southern Asia",0.2740004865,0,0,15.4398162,16.9810517,106.3261911,3.370550568,12.9615267,0.443709717
"8",2008,1030,69.2,50.3,95.7,"AFG",0,1,TRUE,"Afghanistan","Southern Asia",0.3878491743,0,0,15.7444746,17.2691909,109.2403785,3.596976535,12.63526881,0.3901203875
"9",2009,993,66.7,48.9,91.7,"AFG",1,0,TRUE,"Afghanistan","Southern Asia",0.4438451505,0,0,15.8304288,17.4350758,106.8457744,3.715306334,12.61764258,0.4808727342
"10",2010,954,64.2,47.4,87.8,"AFG",1,0,TRUE,"Afghanistan","Southern Asia",0.5545952002,0,0,15.9103325,17.6102011,105.4334164,3.837269884,12.9128805,0.4010701976
"11",2011,905,61.8,46,84,"AFG",0,1,TRUE,"Afghanistan","Southern Asia",0.6219123109,0,0,15.9943509,17.7994465,102.585972,3.963038495,12.56383051,0.3881367677
"12",2012,858,59.5,44.6,80.3,"AFG",1,0,TRUE,"Afghanistan","Southern Asia",0.6631410528,0,0,16.0650519,18.000036,99.30035987,4.092780683,11.8990054,0.4825297344
"13",2013,810,57.3,43.2,76.9,"AFG",1,0,TRUE,"Afghanistan","Southern Asia",0.6519878619,0,0,16.1372961,18.202333,97.12553365,4.226654401,12.80173556,0.4935489525
"14",2015,701,53.2,40.5,70.4,"AFG",1,0,TRUE,"Afghanistan","Southern Asia",0.5924765375,0,0,16.2743236,18.5777415,93.04244766,4.507384,12.57788699,0.5480532745
"15",2018,NA,47.9,37.2,62.3,"AFG",0,1,TRUE,"Afghanistan","Southern Asia",0.5020567706,0,0,16.7200929,19.2293125,89.09145113,4.962774491,12.90699727,0.3629736837
"16",2001,766,118.2,49.2,198.4,"AGO",0,1,TRUE,"Angola","Sub-Saharan Africa",0.5274632018,0,0,2.0892036,31.1203371,95.21815658,4.564030495,21.54729851,1.038343959
"17",2004,574,105.7,45.1,175.1,"AGO",0,1,TRUE,"Angola","Sub-Saharan Africa",1.254695563,0,0,3.277888,31.6502187,94.20350191,5.003099994,21.64448983,1.047432282
"18",2012,281,67.4,33.8,105.1,"AGO",0,1,TRUE,"Angola","Sub-Saharan Africa",4.962552072,0,0,17.3991256,34.3342018,93.5445035,6.228587849,22.03923376,0.948145451
"19",2017,241,53.5,29.2,80.6,"AGO",0,1,TRUE,"Angola","Sub-Saharan Africa",2.283214233,0,0,35.7134777,36.6450374,93.01348888,7.042791348,22.89811153,0.7398935958
"20",2009,20,12.9,7.4,14.5,"ALB",1,0,NA,"Albania","Southern Europe",4.114134899,0,0,39.0208005,34.0538157,49.39659985,9.473375398,13.83346563,1.351424104
"21",2019,NA,8.6,7.5,9.7,"ALB",1,0,NA,"Albania","Southern Europe",5.396215864,0,0,48.5709937,38.2600381,47.28039712,9.940942004,14.09834168,1.021361837
"22",2002,65,16.4,10.8,18.3,"ARG",1,0,NA,"Argentina","Latin America and the Caribbean",2.579488769,0,0,36.1690474,55.4048042,60.25456027,8.963833491,17.12055571,1.173022991
"23",2003,65,15.8,10.3,17.7,"ARG",0,1,NA,"Argentina","Latin America and the Caribbean",3.333152904,0,0,36.1545774,55.4450549,59.78293524,9.039968091,17.14366923,0.9474310812
"24",2009,56,13.3,7.8,14.9,"ARG",0,1,NA,"Argentina","Latin America and the Caribbean",8.184389889,0,0,36.0916365,56.3648644,56.99637149,9.489794172,17.33927627,0.8810931662
"25",2018,NA,8.6,6,9.7,"ARG",0,1,NA,"Argentina","Latin America and the Caribbean",11.79515939,0,0,37.0095711,58.0906218,55.40717362,10.15881569,17.67783535,0.9696227592
"26",2019,NA,8.1,5.3,9.1,"ARG",0,1,NA,"Argentina","Latin America and the Caribbean",9.963672506,0,0,37.7895821,58.2384548,55.13530886,10.23357681,17.67170263,0.9693884359
"27",2000,43,27,16.1,30.6,"ARM",0,1,NA,"Armenia","Western Asia",0.6032980252,0,0,33.8620269,41.8102381,56.21202881,10.78185259,7.70852407,0.3592466716
"28",2002,6,5,3.4,6,"AUS",0,1,NA,"Australia","Australia and New Zealand",20.29117855,1,1,65.6220886,64.5816692,49.08604623,10.7820406,17.36278529,0.63506376
"29",2006,5,4.7,3.1,5.6,"AUS",0,1,NA,"Australia","Australia and New Zealand",36.57072037,1,1,66.9535845,65.0579181,48.35231525,11.08598318,17.23008644,0.6380576195
"30",2018,NA,3.2,2.3,3.7,"AUS",0,1,NA,"Australia","Australia and New Zealand",57.20787151,1,1,71.0382299,66.6529561,52.55291952,11.93123764,17.8127589,0.8084092113
"31",2000,47,60.9,34.3,74.4,"AZE",1,1,TRUE,"Azerbaijan","Western Asia",0.6551199452,0,0,27.971922,25.818459,57.51160749,10.57294853,13.55427784,0.3500783467
"32",2012,29,28.5,17.3,32.5,"AZE",1,0,TRUE,"Azerbaijan","Western Asia",7.496294648,0,0,30.1327321,28.6160738,41.3064707,11.17119381,13.87190507,0.3556781315
"33",2003,890,85.7,34.8,138.1,"BDI",0,1,TRUE,"Burundi","Sub-Saharan Africa",0.1143670072,0,0,5.3139153,14.4729805,96.11990651,2.242795019,21.06327483,1.255452598
"34",2004,844,82.3,34.1,131.9,"BDI",1,0,TRUE,"Burundi","Sub-Saharan Africa",0.1285384225,0,0,5.4704028,14.8582961,93.87377139,2.315123807,20.54271667,0.9548090738
"35",2005,814,78.4,33.2,124.9,"BDI",0,1,TRUE,"Burundi","Sub-Saharan Africa",0.1511885364,0,0,5.627373,15.2337695,92.3168261,2.391064225,20.64603162,1.062124601
"36",2008,733,66.5,30.2,103.6,"BDI",0,1,TRUE,"Burundi","Sub-Saharan Africa",0.1947106401,0,0,7.0650737,16.5088757,90.12360168,2.641544465,20.38184371,1.191108155
"37",2009,698,62.9,29.2,97.1,"BDI",0,1,TRUE,"Burundi","Sub-Saharan Africa",0.2045447501,0,0,7.2382712,17.0257343,89.28692749,2.73274026,20.85716298,1.23238598
"38",2010,665,59.4,28.2,91,"BDI",0,1,NA,"Burundi","Sub-Saharan Africa",0.2226605892,0,0,7.4486521,17.5508395,89.41632259,2.827818737,20.90042904,1.291985547
"39",2001,501,89.3,39.9,174.9,"BFA",0,1,NA,"Burkina Faso","Sub-Saharan Africa",0.2604434706,0,0,8.703602,18.2394441,96.88431401,1.171422433,28.62105552,0.7365885069
"40",2011,377,66.3,30.5,116.9,"BFA",0,1,NA,"Burkina Faso","Sub-Saharan Africa",0.7276125147,0,0,12.5053052,19.6993123,93.71071567,1.687216378,28.90267563,0.7357800943
"41",2014,353,61.2,28.8,104.5,"BFA",0,1,NA,"Burkina Faso","Sub-Saharan Africa",0.7673713907,0,0,13.8069525,20.1455075,93.34261429,1.880193313,28.83735326,0.8494728721
"42",2000,434,63.1,44,86,"BGD",1,0,TRUE,"Bangladesh","Southern Asia",0.4131001853,0,0,57.7063424,27.6011302,69.69180524,4.380391844,25.20078181,2.315305725
"43",2003,395,54.3,38.8,72.3,"BGD",1,0,TRUE,"Bangladesh","Southern Asia",0.4407144048,0,0,61.1700605,28.5502938,66.62709946,4.581701529,25.69795925,2.306196184
"44",2004,372,51.8,37.3,68.3,"BGD",1,0,TRUE,"Bangladesh","Southern Asia",0.4691164584,0,0,62.3872915,28.9663776,65.72782584,4.651860251,25.75552676,2.138814487
"45",2009,269,40.7,30.6,51.8,"BGD",0,1,TRUE,"Bangladesh","Southern Asia",0.6985210262,0,0,69.7206736,32.0856894,61.96239275,5.028529289,26.51079154,2.106944763
"46",2015,200,31,23.6,38.1,"BGD",1,0,TRUE,"Bangladesh","Southern Asia",1.23600506,0,0,74.149645,36.0662867,53.86646547,5.543711843,25.20431067,2.487049401
"47",2016,186,29.6,22.4,36.1,"BGD",1,0,TRUE,"Bangladesh","Southern Asia",1.659961605,0,0,75.1680925,36.5506843,52.54654415,5.636683687,25.67139967,2.071352765
"48",2000,19,14.4,7.9,17.5,"BGR",0,1,NA,"Bulgaria","Eastern Europe",1.621243018,0,0,8.4280146,14.2946447,47.96770569,11.15661755,11.40985416,0.405506791
"49",2006,14,10.3,5.6,12.4,"BGR",1,0,NA,"Bulgaria","Eastern Europe",4.523050833,0,0,8.7803125,15.1659805,45.60325847,11.42315836,10.68513228,0.6520267796
"50",2012,11,8.2,4.8,9.8,"BGR",1,0,NA,"Bulgaria","Eastern Europe",7.432478766,0,0,9.1032759,16.1268907,49.66745291,11.65617378,11.67047003,0.6223311388
"51",2000,17,8.7,6.9,9.9,"BIH",0,1,NA,"Bosnia and Herzegovina","Southern Europe",1.332122365,0,0,6.7594156,8.5215746,44.86416526,9.860109828,11.14901677,0.7873840422
"52",2003,14,8.1,5.9,9.2,"BIH",0,1,NA,"Bosnia and Herzegovina","Southern Europe",2.031322775,0,0,6.8345803,8.8299808,43.50892936,10.09247493,10.15341885,0.8030079467
"53",2000,331,55.9,29.6,75.6,"BOL",0,1,NA,"Bolivia","Latin America and the Caribbean",0.977336056,0,0,14.0546246,13.6154531,77.12769949,7.583503643,16.0434656,0.8311583619
"54",2004,283,45.4,26.8,59.6,"BOL",0,1,NA,"Bolivia","Latin America and the Caribbean",0.9519516229,0,0,14.4538275,14.6523158,72.48627975,7.948022058,16.40807064,0.7790457264
"55",2008,234,36.7,23.7,46.9,"BOL",0,1,NA,"Bolivia","Latin America and the Caribbean",1.687583393,0,0,27.9485892,15.2301071,67.69147503,8.300644203,15.85842327,0.8023369244
"56",2010,212,33,21.8,41.6,"BOL",0,1,NA,"Bolivia","Latin America and the Caribbean",1.922049531,0,0,28.2681211,15.4203924,65.68835917,8.475720508,16.395792,0.7006535644
"57",2013,184,28,18.7,34.9,"BOL",0,1,NA,"Bolivia","Latin America and the Caribbean",2.853797162,0,0,28.6692431,15.8929245,62.99571321,8.739772803,16.0994764,0.8943948417
"58",2014,175,26.6,17.6,33,"BOL",0,1,NA,"Bolivia","Latin America and the Caribbean",3.022462884,0,0,31.1132746,15.5646191,62.07130552,8.828429499,16.77284108,0.8708819132
"59",2016,161,24.3,15.9,29.9,"BOL",0,1,NA,"Bolivia","Latin America and the Caribbean",3.013502708,0,0,31.3463662,16.4839574,60.30808203,9.006825092,16.74177052,0.6697984523
"60",2001,68,28.5,17.6,32.5,"BRA",0,1,TRUE,"Brazil","Latin America and the Caribbean",3.142277935,0,0,71.8773674,45.8377927,53.58266854,5.621222519,23.4897808,1.502111531
"61",2002,69,26.8,16.7,30.4,"BRA",0,1,TRUE,"Brazil","Latin America and the Caribbean",2.824679625,0,0,72.0853085,45.9032094,52.56231458,5.726949264,23.77826494,1.534065737
"62",2004,71,23.5,15,26.5,"BRA",0,1,TRUE,"Brazil","Latin America and the Caribbean",3.623247996,0,0,72.4832617,46.0093046,50.67130821,5.943152991,23.17133166,1.547786881
"63",2005,71,22,14.2,24.8,"BRA",0,1,TRUE,"Brazil","Latin America and the Caribbean",4.773248944,0,0,72.6948246,46.0552054,49.85815819,6.05360358,23.6140429,1.588082377
"64",2007,71,19.5,12.8,21.8,"BRA",1,1,TRUE,"Brazil","Latin America and the Caribbean",7.323033629,0,0,73.0009738,46.2396637,48.40285078,6.279005871,23.57597176,1.431368022
"65",2010,65,16.7,11.1,18.6,"BRA",0,1,TRUE,"Brazil","Latin America and the Caribbean",11.24946454,0,0,73.4624219,46.5439989,46.33285433,6.627041556,23.58080629,1.572095379
"66",2012,60,15.4,10.3,17.2,"BRA",0,1,TRUE,"Brazil","Latin America and the Caribbean",12.32731744,0,0,73.7356702,46.8261065,45.03505863,6.8641446,23.72059779,1.42847416
"67",2014,62,14.6,9.7,16.3,"BRA",0,1,TRUE,"Brazil","Latin America and the Caribbean",12.07115821,0,0,74.0054335,47.1297048,43.99995507,7.103931662,23.78937906,1.452803204
"68",2007,40,14.2,10.1,15.4,"BRB",1,0,NA,"Barbados","Latin America and the Caribbean",17.21904868,0,0,33.3351196,54.1033831,46.37123953,10.43359303,26.49469754,1.989247091
"69",2010,36,13.8,10,15,"BRB",0,1,NA,"Barbados","Latin America and the Caribbean",16.48979582,0,0,32.7364115,54.7594154,46.75620232,10.71571542,27.0614943,2.590843441
"70",2009,255,36,23.4,44.9,"BTN",1,0,NA,"Bhutan","Southern Asia",1.768744739,0,0,0.2090225,0.2014244,54.65772282,2.695883098,14.88673665,1.677603929
"71",2011,239,32.4,21.6,40,"BTN",1,0,NA,"Bhutan","Southern Asia",2.491271677,0,0,0.2051571,0.1905873,52.15249975,2.878888685,14.05216564,2.277775187
"72",2015,156,39.6,23.3,49.7,"BWA",0,1,NA,"Botswana","Sub-Saharan Africa",5.869732943,0,0,5.2047666,24.9406625,59.8469882,6.996009689,22.23134811,0.3227494847
"73",2019,NA,36.9,22.3,45.9,"BWA",0,1,NA,"Botswana","Sub-Saharan Africa",6.679167674,0,0,5.1031737,25.3408743,58.42617157,7.515967956,21.75813769,0.5315678648
"74",2005,25,7.7,5.4,9.1,"CHL",1,0,NA,"Chile","Latin America and the Caribbean",7.561830548,0,1,41.1677315,34.7236701,49.07822581,9.741131867,11.49415899,0.8208214231
"75",2007,23,7.6,5.4,8.9,"CHL",1,0,NA,"Chile","Latin America and the Caribbean",10.46136542,0,1,41.6069029,35.0467541,47.25508337,9.93777251,10.93524301,0.4033153316
"76",2010,20,7.4,5.3,8.7,"CHL",1,0,NA,"Chile","Latin America and the Caribbean",12.76778121,1,1,42.8449579,35.8263476,45.50122358,10.22825925,11.46020367,0.4664555634
"77",2012,17,7.2,5.3,8.4,"CHL",1,0,NA,"Chile","Latin America and the Caribbean",15.40649294,1,1,42.9122442,36.5254009,44.91211108,10.41847988,12.08806196,0.5046960343
"78",2014,15,6.9,5.2,8.1,"CHL",1,0,NA,"Chile","Latin America and the Caribbean",14.66634353,1,1,43.062148,37.1335205,44.83744476,10.60561557,11.97716777,0.5212990534
"79",2015,14,6.7,5.1,7.9,"CHL",1,0,NA,"Chile","Latin America and the Caribbean",13.5699478,1,1,43.4948836,37.4392021,44.95059547,10.69792594,12.10519964,0.5497839597
"80",2019,NA,6,4.5,7,"CHL",1,0,NA,"Chile","Latin America and the Caribbean",14.63194688,1,1,44.0591937,38.1223202,44.82651839,11.0582104,12.23433642,0.5490075312
"81",2000,59,29.9,21.4,36.7,"CHN",1,1,FALSE,"China","Eastern Asia",0.9593724836,0,0,37.7051223,38.1684664,45.88855611,7.111690354,14.608976,1.02478505
"82",2001,55,27.8,19.9,34.1,"CHN",1,1,NA,"China","Eastern Asia",1.053108243,0,0,37.9065655,38.4019411,44.72739413,7.219969843,14.87865658,0.9547897199
"83",2002,51,25.6,18.4,31.5,"CHN",1,1,NA,"China","Eastern Asia",1.14850829,0,0,38.1641299,38.5206149,43.28138459,7.329050395,15.17196002,1.05236523
"84",2003,48,23.4,16.9,28.8,"CHN",1,1,NA,"China","Eastern Asia",1.288643252,0,0,38.4292811,38.6665056,41.8422264,7.439016555,14.82126326,0.9867484155
"85",2004,46,21.4,15.3,26.3,"CHN",1,0,NA,"China","Eastern Asia",1.508668098,0,0,38.670221,38.9476812,40.46390375,7.54994881,15.10541168,0.9201257643
"86",2005,44,19.4,13.9,24,"CHN",1,1,NA,"China","Eastern Asia",1.753417829,0,0,38.9554404,39.30432,39.03198879,7.661892002,14.73563462,1.013226812
"87",2006,42,17.7,12.5,21.9,"CHN",1,1,TRUE,"China","Eastern Asia",2.099229435,0,0,39.2185746,39.7275453,38.00775922,7.774888579,15.28940084,0.9768631748
"88",2007,40,16.2,11.3,20.1,"CHN",1,0,NA,"China","Eastern Asia",2.693970063,0,0,39.4705904,40.1412767,37.51348937,7.888954614,15.44706196,0.9693294583
"89",2008,40,14.8,10.2,18.5,"CHN",1,1,FALSE,"China","Eastern Asia",3.468304602,0,0,39.7685633,40.4300005,37.22402322,8.004098741,14.85144481,1.022721509
"90",2009,37,13.6,9.2,17,"CHN",1,1,TRUE,"China","Eastern Asia",3.832236432,0,0,40.0451641,40.76951,37.1039605,8.120325351,15.03081978,0.9462676917
"91",2010,36,12.5,8.4,15.8,"CHN",1,1,TRUE,"China","Eastern Asia",4.550453108,0,0,40.2970311,41.2115247,37.11989068,8.237600666,14.74018141,1.083343121
"92",2011,34,11.5,7.6,14.6,"CHN",1,0,NA,"China","Eastern Asia",5.614352135,0,0,40.5622107,41.5250623,37.27426742,8.355887631,14.50063769,0.8664715721
"93",2012,33,10.6,7,13.5,"CHN",1,0,NA,"China","Eastern Asia",6.300615118,0,0,40.8832752,41.7231267,37.65673228,8.475120681,14.46621672,1.059209928
"94",2013,32,9.8,6.4,12.5,"CHN",1,1,NA,"China","Eastern Asia",7.020338485,0,0,41.1838545,41.8811709,38.2125459,8.595222827,14.99281208,1.012532011
"95",2014,31,9,5.8,11.6,"CHN",1,1,NA,"China","Eastern Asia",7.636116601,0,0,41.5061497,42.165503,38.877396,8.716116361,14.96530384,1.003250422
"96",2015,30,8.3,5.3,10.7,"CHN",1,1,NA,"China","Eastern Asia",8.016431435,0,0,41.8248868,42.2328511,39.61921772,8.837708957,15.26096905,1.085001796
"97",2016,29,7.6,4.9,9.9,"CHN",1,1,TRUE,"China","Eastern Asia",8.094363367,0,0,42.069516,42.2507942,40.45789746,8.959928687,15.35283574,1.196276879
"98",2017,29,7,4.5,9.2,"CHN",1,1,NA,"China","Eastern Asia",8.816986905,0,0,42.3663659,42.8746424,41.54489168,9.082699429,15.44808397,1.040897611
"99",2018,NA,6.4,4.1,8.5,"CHN",1,0,TRUE,"China","Eastern Asia",9.905342004,0,0,42.6488701,43.535479,42.59355639,9.205951578,15.4559935,1.04171716
"100",2019,NA,5.9,3.7,7.9,"CHN",1,0,NA,"China","Eastern Asia",10.1438382,0,0,42.984704,44.0015478,43.43832775,9.329629637,15.46406066,1.042549678
"101",2001,844,85.8,34.8,140.9,"CMR",0,1,TRUE,"Cameroon","Sub-Saharan Africa",0.7069842108,0,0,19.8055407,26.325729,93.51287159,5.501609209,24.99754505,1.703924468
"102",2005,692,78.1,33.2,127.5,"CMR",0,1,FALSE,"Cameroon","Sub-Saharan Africa",1.1293579,0,0,21.6041615,27.0907159,90.40021012,5.963558431,25.42828922,1.594500062
"103",2012,580,64.2,30.9,101.3,"CMR",0,1,NA,"Cameroon","Sub-Saharan Africa",1.433724035,0,0,26.3341328,29.0742952,87.49263675,6.814351695,25.21331676,1.684066178
"104",2005,627,95.2,36,136.1,"COD",1,0,TRUE,"Democratic Republic of the Congo","Sub-Saharan Africa",0.2115726332,0,0,19.7413345,19.3129736,96.73061584,7.06235171,24.13595624,1.324353221
"105",2008,565,88.1,33.8,122.3,"COD",1,0,TRUE,"Democratic Republic of the Congo","Sub-Saharan Africa",0.3178892146,0,0,19.7173967,19.4715401,96.88159359,7.441088098,23.72757836,1.420536583
"106",2015,490,73,29.5,95.9,"COD",1,0,TRUE,"Democratic Republic of the Congo","Sub-Saharan Africa",0.4820645483,0,0,21.1825167,22.2252619,97.34418617,8.375658782,23.6309209,1.443834812
"107",2000,94,21.2,13.5,25.1,"COL",1,0,TRUE,"Colombia","Latin America and the Caribbean",2.547143528,0,0,37.4967677,39.1700639,59.34937972,6.34859584,20.03679201,1.991726529
"108",2004,85,18.9,12,22.1,"COL",1,0,TRUE,"Colombia","Latin America and the Caribbean",2.811197871,0,0,38.2903735,39.7969651,55.42017288,6.770215183,20.54699044,1.958554591
"109",2007,83,17.2,11,20.2,"COL",1,0,TRUE,"Colombia","Latin America and the Caribbean",4.76098121,0,0,38.5592744,40.535412,52.28011851,7.099515782,20.44559427,2.117677209
"110",2008,84,16.7,10.6,19.5,"COL",1,0,TRUE,"Colombia","Latin America and the Caribbean",5.527449953,0,0,38.6246392,40.880135,51.25989983,7.211715141,20.19635064,2.510031198
"111",2013,85,14.3,9,16.6,"COL",1,0,TRUE,"Colombia","Latin America and the Caribbean",8.264126896,0,0,39.3523195,42.6053506,47.08178307,7.786809878,21.06411514,1.733994695
"112",2015,85,13.4,8.4,15.5,"COL",1,1,TRUE,"Colombia","Latin America and the Caribbean",6.228426299,0,0,39.399948,43.1958749,45.99654527,8.021277365,21.51409408,1.301473587
"113",2014,293,55.8,33.6,74.7,"COM",1,0,NA,"Comoros","Sub-Saharan Africa",1.608687864,0,0,39.7695928,14.841944,79.67470067,6.292265471,25.70818998,1.550491948
"114",2002,101,26.3,16,31.6,"CPV",0,1,NA,"Cape Verde","Sub-Saharan Africa",1.31121495,0,0,0,4.0384353,82.71537728,3.377143163,22.87993491,0.4292095939
"115",2017,58,14.5,10.2,16.8,"CPV",0,1,NA,"Cape Verde","Sub-Saharan Africa",3.132621798,0,0,0,4.4682865,50.28170138,5.058936335,23.00174923,0.4204395235
"116",2003,37,10,7.2,11.8,"CRI",1,0,NA,"Costa Rica","Latin America and the Caribbean",4.123506487,0,0,44.6259963,52.8646909,53.98312755,8.1124765,23.88984871,3.750460448
"117",2004,36,9.9,7.1,11.5,"CRI",1,0,NA,"Costa Rica","Latin America and the Caribbean",4.376080428,0,0,44.5490844,53.0211434,52.72619929,8.194255963,23.65734817,3.47260004
"118",2009,29,9.3,6.7,10.7,"CRI",1,0,NA,"Costa Rica","Latin America and the Caribbean",6.737860245,0,0,44.6514801,53.7421261,48.04197749,8.595238759,23.9669145,2.938013866
"119",2012,29,8.6,6.5,9.9,"CRI",1,0,NA,"Costa Rica","Latin America and the Caribbean",9.971650902,0,0,44.7868207,54.3781393,46.46911685,8.836741354,23.66391898,2.387996316
"120",2014,29,7.9,6.3,9.3,"CRI",0,1,NA,"Costa Rica","Latin America and the Caribbean",10.73767888,0,0,44.7662521,54.8055291,45.83231482,9.000839324,23.93964974,3.084673798
"121",2018,NA,7.4,5.9,8.4,"CRI",0,1,NA,"Costa Rica","Latin America and the Caribbean",12.38314997,0,0,44.8913792,55.588106,45.20702239,9.339522403,23.88349106,2.807215863
"122",2000,46,7,4.3,8.8,"CUB",0,1,NA,"Cuba","Latin America and the Caribbean",2.752203783,0,0,18.1153191,30.4427164,45.15734432,8.775450402,25.52462087,1.219395272
"123",2004,40,6.1,3.6,7.6,"CUB",0,1,NA,"Cuba","Latin America and the Caribbean",3.403296163,0,0,17.7996499,31.0501115,44.15285736,9.190257389,25.70560882,1.144938969
"124",2015,38,4.5,2.4,5.7,"CUB",0,1,NA,"Cuba","Latin America and the Caribbean",7.683757891,0,0,16.9554582,31.4367908,44.58238124,10.25245526,26.53818277,1.142727793
"125",2000,14,5.6,3.7,6.5,"CYP",0,1,NA,"Cyprus","Western Asia",14.38834766,0,0,32.0777547,32.554506,47.48475361,10.47524519,19.1866931,0.465729549
"126",2004,6,4,2.6,4.9,"DEU",1,0,NA,"Germany","Western Europe",34.10665812,1,1,34.6875631,41.9315861,49.36337042,13.52487644,9.466839863,0.7241552631
"127",2005,393,71.2,40.9,88.7,"DJI",0,1,NA,"Djibouti","Sub-Saharan Africa",0.8528901883,0,0,57.6872988,33.6286369,71.1583861,4.009039308,28.70424191,0.1940583262
"128",2007,335,67.6,39.7,83.6,"DJI",0,1,NA,"Djibouti","Sub-Saharan Africa",0.9800310324,0,0,56.7634241,35.6817626,69.31409002,4.279654837,28.44521528,0.2007274989
"129",2008,320,65.9,39,81.2,"DJI",0,1,NA,"Djibouti","Sub-Saharan Africa",1.131635726,0,0,56.2895742,36.7718578,68.20804073,4.418099674,28.35106276,0.1972958863
"130",2010,283,62.5,37.6,76.6,"DJI",0,1,NA,"Djibouti","Sub-Saharan Africa",1.227820853,0,0,55.3183423,39.0108228,66.15733627,4.700956203,28.72904802,0.2451925747
"131",2004,NA,16.1,14.9,19,"DMA",1,0,NA,"Dominica","Latin America and the Caribbean",5.354799195,0,0,0,0.1654617,60.82082552,10.74769672,22.905924,4.557693669
"132",2003,76,30.6,23.1,37.4,"DOM",1,0,NA,"Dominican Republic","Latin America and the Caribbean",2.399498091,0,0,45.425343,43.6468616,63.80030355,6.490621412,25.03094217,1.647377037
"133",2003,145,31.3,20.8,36.5,"DZA",1,0,TRUE,"Algeria","Northern Africa",2.117047545,0,0,28.2460369,37.1463827,54.41183476,4.923628903,17.74781769,0.5577235459
"134",2004,134,30.1,20.4,35.1,"DZA",1,0,TRUE,"Algeria","Northern Africa",2.624795232,0,0,28.465123,37.4571238,52.61980187,5.068253984,17.20159777,0.5095538444
"135",2006,122,27.6,19.8,32.1,"DZA",1,0,TRUE,"Algeria","Northern Africa",3.500135413,0,0,28.9210451,38.0890977,50.02020007,5.362345612,17.83057455,0.4502811459
"136",2014,114,21.9,15.7,25.5,"DZA",1,0,TRUE,"Algeria","Northern Africa",5.516230604,0,0,32.1681083,39.9490857,50.67969426,6.618655991,17.99372973,0.3817942226
"137",2009,80,17,9.3,19.9,"ECU",0,1,TRUE,"Ecuador","Latin America and the Caribbean",4.240702593,0,0,38.92613,37.3943654,59.55262219,8.702179921,20.39297889,1.087079558
"138",2013,67,14.3,7.8,16.6,"ECU",0,1,NA,"Ecuador","Latin America and the Caribbean",6.050354611,0,0,39.1861938,38.2251123,56.84804344,9.145522559,19.85176584,1.373560518
"139",2014,65,13.7,7.5,15.9,"ECU",1,0,NA,"Ecuador","Latin America and the Caribbean",6.374631486,0,0,39.2787129,38.1242104,56.17001458,9.256678519,20.42252073,1.257225737
"140",2016,61,12.8,7.1,14.8,"ECU",1,0,NA,"Ecuador","Latin America and the Caribbean",6.079088736,0,0,39.4620094,38.457453,54.73369038,9.478070722,20.77475653,1.316876081
"141",2019,NA,11.6,6.8,13.4,"ECU",1,0,NA,"Ecuador","Latin America and the Caribbean",6.233258167,0,0,39.751093,39.0514421,52.29278094,9.805670123,20.5416929,1.960244264
"142",2002,60,33.5,21,41.5,"EGY",1,0,NA,"Egypt","Northern Africa",1.144532398,0,0,87.2917314,73.333324,67.7239006,7.64189383,21.98656,0.06083314316
"143",2008,605,41.5,23.2,59.4,"ERI",0,1,NA,"Eritrea","Sub-Saharan Africa",0.4591784027,0,0,0.020852,4.3895158,86.82343757,3.820183227,25.04624172,0.3128518555
"144",2011,4,3,2.1,3.7,"ESP",1,0,NA,"Spain","Southern Europe",31.67790031,1,1,44.8311133,37.9661698,47.68332078,8.95512219,15.64769978,0.526796191
"145",2003,972,76.7,45.8,121.8,"ETH",0,1,TRUE,"Ethiopia","Sub-Saharan Africa",0.1178601647,0,0,8.2662734,9.0271987,99.34631514,2.219696356,19.83166533,1.008001524
"146",2005,865,69.5,43.7,108.9,"ETH",0,1,TRUE,"Ethiopia","Sub-Saharan Africa",0.1600767918,0,0,8.2667752,9.3766439,97.74426126,2.399494275,19.87297243,1.164568883
"147",2008,681,59.8,40.2,91.6,"ETH",0,1,TRUE,"Ethiopia","Sub-Saharan Africa",0.3208610897,0,0,9.0948675,10.0860122,94.53087739,2.6877315,19.59746219,1.121485045
"148",2009,638,57,39.1,86.7,"ETH",0,1,TRUE,"Ethiopia","Sub-Saharan Africa",0.3738939587,0,0,9.1119809,10.3738104,93.23563345,2.788904181,20.34450423,1.031923069
"149",2010,597,54.3,37.9,82,"ETH",0,1,TRUE,"Ethiopia","Sub-Saharan Africa",0.3354384953,0,0,9.3392094,10.6496701,91.77076122,2.892640512,20.0904145,1.131048699
"150",2011,558,51.9,36.7,77.7,"ETH",0,1,TRUE,"Ethiopia","Sub-Saharan Africa",0.3480013483,0,0,9.3475424,10.9076272,90.17284413,2.998922825,19.99374961,1.113240933
"151",2015,446,43.2,31.9,62.4,"ETH",0,1,TRUE,"Ethiopia","Sub-Saharan Africa",0.6303126821,0,0,9.4293272,11.8623849,83.41933973,3.448834022,20.38535778,1.073588612
"152",2015,35,20.6,9.8,24.4,"FJI",0,1,NA,"Fiji","Melanesia",5.105262627,0,0,37.8435717,4.5821367,53.8747127,9.850227948,24.35243241,1.703566578
"153",2019,NA,3.4,2.6,4.3,"FRA",1,0,TRUE,"France","Western Europe",40.49489829,1,1,39.1124505,45.6140047,62.27974038,12.05107899,12.51311104,0.6894322685
"154",2016,90,23.5,14.7,28,"FSM",0,1,NA,"Federated States of Micronesia","Micronesia",3.022653627,0,0,13.8878874,14.8939688,58.79149453,9.347246231,25.46145919,3.163347322
"155",2007,11,4.9,3.3,5.8,"GBR",1,0,FALSE,"United Kingdom","Northern Europe",50.43537029,1,1,79.1035664,64.8324473,50.73338854,12.22862676,10.2815969,0.9457240702
"156",2000,31,31.9,22.8,36.6,"GEO",0,1,NA,"Georgia","Western Asia",0.749908535,0,0,35.2405463,32.0581382,54.41256561,11.71019843,9.994134499,0.7936480419
"157",2002,42,27.7,20.3,31.5,"GEO",1,0,NA,"Georgia","Western Asia",0.8535164537,0,0,35.1729797,31.8343119,53.40171897,11.8164053,9.634085003,1.122777362
"158",2009,43,13.9,11,15.6,"GEO",1,0,TRUE,"Georgia","Western Asia",2.82266743,0,0,34.9694579,31.3232123,48.03205741,12.14984202,10.02386704,1.147362048
"159",2002,876,58.1,39.1,104.2,"GMB",0,1,NA,"The Gambia","Sub-Saharan Africa",0.3798628947,0,0,27.1328753,33.4385467,96.66684324,2.990810224,27.70843731,0.6637386916
"160",2012,650,43.2,31.7,67.7,"GMB",0,1,NA,"The Gambia","Sub-Saharan Africa",0.6865582854,0,0,39.9056749,37.526716,94.12943758,4.12339361,27.47692884,1.149312573
"161",2015,625,39.7,29.4,59.8,"GMB",0,1,NA,"The Gambia","Sub-Saharan Africa",0.6116713342,0,0,40.9980043,38.7909812,92.1352013,4.513586959,27.59420739,1.030046233
"162",2002,1150,99.1,53.3,162.8,"GNB",0,1,NA,"Guinea-Bissau","Sub-Saharan Africa",0.3249699124,0,0,24.6241436,20.6648421,90.59068215,2.862457902,27.54962877,1.094212975
"163",2006,912,85.9,49.8,138.3,"GNB",0,1,NA,"Guinea-Bissau","Sub-Saharan Africa",0.418902099,0,0,25.9477103,20.7615613,87.84243505,3.258558462,27.43002281,1.618970328
"164",2000,3,5.6,3.9,6.4,"GRC",1,0,NA,"Greece","Southern Europe",12.07292936,1,1,47.8298472,43.8414275,46.391684,9.90106001,15.77407348,0.3610775984
"165",2001,3,5.2,3.6,6,"GRC",1,0,NA,"Greece","Southern Europe",12.54903689,1,1,47.8318887,43.9366202,46.64567948,9.988514024,15.98580733,0.5303526946
"166",2002,3,4.9,3.3,5.6,"GRC",1,0,NA,"Greece","Southern Europe",14.17757216,1,1,47.8538911,44.0661641,47.03101658,10.07569308,15.71461471,0.7578504066
"167",2003,3,4.6,3,5.2,"GRC",1,0,NA,"Greece","Southern Europe",18.51837884,1,1,47.8619163,44.2140784,47.45754753,10.16255303,15.50015983,0.6738622147
"168",2008,3,3.5,2.1,4,"GRC",1,0,NA,"Greece","Southern Europe",32.12798319,1,1,48.0436677,44.6707802,49.65771959,10.5905852,15.97435267,0.4834012075
"169",2014,3,3.7,2.6,4.3,"GRC",1,0,NA,"Greece","Southern Europe",21.61671001,1,1,47.8853737,44.9291636,54.17194672,11.08583342,16.08844149,0.7775332011
"170",2017,3,3.8,2.6,4.3,"GRC",1,0,NA,"Greece","Southern Europe",18.58208934,1,1,47.7037904,44.9525982,55.74054632,11.32387348,15.92256133,0.600419093
"171",2010,29,13,8.9,15.1,"GRD",0,1,NA,"Grenada","Latin America and the Caribbean",6.760961244,0,0,0,12.7699258,50.9410737,7.480135399,27.41640452,1.801759925
"172",2001,147,39.5,20.7,50.1,"GTM",1,1,NA,"Guatemala","Latin America and the Caribbean",1.550360366,0,0,21.3919268,29.1302997,89.52119396,4.377280166,21.60224611,2.672645586
"173",2009,131,29.7,16.8,36.3,"GTM",0,1,TRUE,"Guatemala","Latin America and the Caribbean",2.651817123,0,0,20.5660314,31.6358234,77.91263515,5.022738198,21.95815451,2.503972462
"174",2011,122,27.6,15.6,33.4,"GTM",1,0,NA,"Guatemala","Latin America and the Caribbean",3.228045741,0,0,20.7481112,32.2860134,74.41574719,5.199245391,21.80137391,3.080380094
"175",2012,118,26.5,15,32,"GTM",1,1,TRUE,"Guatemala","Latin America and the Caribbean",3.355036919,0,0,20.7997196,32.5080084,72.75379436,5.290076606,21.84701797,2.378689537
"176",2013,113,25.6,14.4,30.7,"GTM",1,0,NA,"Guatemala","Latin America and the Caribbean",3.522773706,0,0,20.790516,32.8351817,71.160901,5.38263975,21.70765071,3.408778603
"177",2014,107,24.6,13.9,29.5,"GTM",1,1,NA,"Guatemala","Latin America and the Caribbean",3.779642336,0,0,21.3582825,33.1900489,69.67096086,5.476924784,21.72648917,2.768074046
"178",2017,95,22.2,12.4,26.4,"GTM",1,0,NA,"Guatemala","Latin America and the Caribbean",4.45404815,0,0,21.3412122,33.6877466,65.67605185,5.770034895,22.01711254,2.655372973
"179",2018,NA,21.4,12,25.4,"GTM",0,1,NA,"Guatemala","Latin America and the Caribbean",4.485731255,0,0,22.0532994,33.8647783,64.49928195,5.871063017,22.01726628,2.656469429
"180",2010,179,30.6,22.8,37.4,"GUY",0,1,NA,"Guyana","Latin America and the Caribbean",4.589873241,0,0,22.2823086,31.6568519,58.34141343,8.609853433,27.23489775,2.556464786
"181",2000,85,30.3,17.7,37,"HND",0,1,TRUE,"Honduras","Latin America and the Caribbean",1.079607485,0,0,29.3590347,8.9885944,84.47331206,4.438659002,22.97730901,1.732543413
"182",2001,83,29,17.1,35.3,"HND",0,1,TRUE,"Honduras","Latin America and the Caribbean",1.118942702,0,0,29.7572529,9.1984898,83.20205551,4.514288679,23.422257,1.75767726
"183",2002,80,27.8,16.6,33.7,"HND",0,1,NA,"Honduras","Latin America and the Caribbean",1.119421413,0,0,30.1017035,9.3945841,81.88809022,4.589493884,23.60124123,1.704775201
"184",2004,77,25.5,15.6,30.6,"HND",0,1,TRUE,"Honduras","Latin America and the Caribbean",1.201249154,0,0,30.5524296,9.8022757,79.06580978,4.738875888,23.54608512,1.740923184
"185",2007,77,22.4,14.2,26.7,"HND",1,0,NA,"Honduras","Latin America and the Caribbean",1.559886044,0,0,31.8571036,10.2913355,74.21203558,4.962079939,23.42985605,1.639443502
"186",2009,75,20.6,13.2,24.4,"HND",1,1,TRUE,"Honduras","Latin America and the Caribbean",1.76234916,0,0,32.4579739,10.5945933,70.69734446,5.111897956,23.75086499,1.608763039
"187",2012,70,18.4,11.7,21.5,"HND",0,1,TRUE,"Honduras","Latin America and the Caribbean",2.107350831,0,0,33.8520058,11.0193654,65.49207085,5.34112865,23.57188459,1.745751969
"188",2014,68,17.1,10.9,20,"HND",0,1,NA,"Honduras","Latin America and the Caribbean",2.164420219,0,0,34.5679907,11.3037803,62.15739054,5.498452673,23.59970751,1.652970099
"189",2018,NA,14.9,9.4,17.4,"HND",0,1,NA,"Honduras","Latin America and the Caribbean",2.457688921,0,0,35.8494925,11.6784267,56.45179843,5.827733959,23.82051566,1.827795905
"190",2003,10,6.3,4.7,7.3,"HRV",0,1,NA,"Croatia","Southern Europe",8.138428109,0,0,26.3839338,18.3270034,49.52860985,10.8487651,11.9331327,0.7423505187
"191",2003,446,68.4,29.3,94.4,"HTI",0,1,NA,"Haiti","Latin America and the Caribbean",0.5477409647,0,0,33.4090487,40.255017,75.10369915,4.078099062,25.49191026,1.688953415
"192",2010,506,102.6,30.6,203.6,"HTI",1,0,NA,"Haiti","Latin America and the Caribbean",1.204862304,0,0,38.6091021,41.4617865,66.68456082,4.862086065,25.19421016,1.646194503
"193",2014,492,54.1,27.5,71.9,"HTI",0,1,NA,"Haiti","Latin America and the Caribbean",1.453917477,0,0,41.5440864,42.2383118,62.93559916,5.328974768,25.60119502,1.603457491
"194",2016,489,51.5,26.6,67.9,"HTI",0,1,NA,"Haiti","Latin America and the Caribbean",1.305571297,0,0,43.3402948,42.5496566,61.32240449,5.562686375,25.66206112,1.806896315
"195",2018,NA,49,25.7,64.1,"HTI",1,0,TRUE,"Haiti","Latin America and the Caribbean",1.494224962,0,0,44.7334037,42.7838782,60.05683748,5.794722577,25.46174732,1.632767296
"196",2003,15,7.1,4.8,8.4,"HUN",0,1,NA,"Hungary","Eastern Europe",8.419430871,1,1,17.2658222,27.6498128,45.65487126,10.6429784,10.56266141,0.4465834594
"197",2013,12,4.7,3,5.6,"HUN",1,0,NA,"Hungary","Eastern Europe",13.71507036,1,1,19.4003819,29.545389,46.62769472,11.11515436,11.29613713,0.6075234571
"198",2000,272,41,22.8,52.2,"IDN",1,0,TRUE,"Indonesia","South-eastern Asia",0.7708653516,0,0,33.0933177,47.8836012,55.3358521,6.684298299,26.50713986,2.652159391
"199",2001,269,39.4,22.1,49.8,"IDN",1,0,TRUE,"Indonesia","South-eastern Asia",0.7390039465,0,0,33.1959649,47.9270544,54.70211961,6.795297963,26.40590883,2.656894998
"200",2002,265,37.8,21.4,47.6,"IDN",1,0,TRUE,"Indonesia","South-eastern Asia",0.8889013897,0,0,33.2939797,47.9733,54.14472668,6.906397772,26.43202008,2.181189154
"201",2003,261,36.4,20.9,45.5,"IDN",1,1,TRUE,"Indonesia","South-eastern Asia",1.052413199,0,0,33.8232502,48.0701916,53.60213932,7.017565961,26.30927159,2.647854737
"202",2004,264,37.1,20.5,49.6,"IDN",1,0,TRUE,"Indonesia","South-eastern Asia",1.136755211,0,0,34.3265201,48.2537478,53.08369037,7.128765628,26.47223828,2.439078841
"203",2005,252,33.6,19.9,41.7,"IDN",1,0,TRUE,"Indonesia","South-eastern Asia",1.249397689,0,0,34.8902638,48.5058803,52.64591976,7.23996178,26.5923165,2.790493593
"204",2006,249,32.4,19.5,39.9,"IDN",1,0,TRUE,"Indonesia","South-eastern Asia",1.572797934,0,0,36.024631,48.7613364,52.26694128,7.351123542,26.31217177,2.276141055
"205",2007,243,31.2,19.1,38.3,"IDN",1,0,TRUE,"Indonesia","South-eastern Asia",1.840329927,0,0,36.44286,49.0139147,51.94440275,7.462223987,26.51171076,2.587218892
"206",2008,239,30,18.7,36.7,"IDN",1,0,TRUE,"Indonesia","South-eastern Asia",2.144389544,0,0,37.0747942,49.3167769,51.6757317,7.573227562,26.51103029,2.488016647
"207",2009,234,29,18.1,35.2,"IDN",1,0,TRUE,"Indonesia","South-eastern Asia",2.239095265,0,0,37.5542323,49.6321404,51.38336214,7.684098555,26.64911337,2.340056247
"208",2010,228,27.9,17.5,33.8,"IDN",1,0,NA,"Indonesia","South-eastern Asia",3.09444309,0,0,37.6469404,49.9761155,51.05810426,7.794805224,26.74315883,3.369311139
"209",2011,221,26.9,16.8,32.5,"IDN",1,0,NA,"Indonesia","South-eastern Asia",3.613800902,0,0,38.0777652,50.3443042,50.73653156,7.905321112,26.52161849,2.40547865
"210",2012,214,25.9,16.1,31.2,"IDN",1,0,TRUE,"Indonesia","South-eastern Asia",3.66821207,0,0,38.5063703,50.7161273,50.41081963,8.015624416,26.69111178,2.408751284
"211",2013,207,25,15.4,30,"IDN",1,0,TRUE,"Indonesia","South-eastern Asia",3.602885517,0,0,38.9902753,51.0903906,50.05879125,8.125685673,26.73115736,2.684232664
"212",2015,192,23.2,14.2,27.7,"IDN",1,1,TRUE,"Indonesia","South-eastern Asia",3.322581688,0,0,39.2851785,51.7950167,49.39038617,8.344967343,26.65213046,2.072949211
"213",2016,184,22.4,13.6,26.6,"IDN",1,0,TRUE,"Indonesia","South-eastern Asia",3.558818852,0,0,39.3740879,52.1138847,49.06761304,8.454140936,26.76586454,2.990399206
"214",2017,177,21.6,13.1,25.6,"IDN",1,0,NA,"Indonesia","South-eastern Asia",3.839785069,0,0,39.99219,52.4225465,48.77080053,8.562979532,26.68540346,2.840461294
"215",2018,NA,20.8,12.6,24.6,"IDN",1,0,TRUE,"Indonesia","South-eastern Asia",3.902661668,0,0,39.484902,52.7486185,48.50598473,8.671459516,26.68125115,2.841215395
"216",2019,NA,20.2,12.2,23.8,"IDN",1,0,TRUE,"Indonesia","South-eastern Asia",4.151227543,0,0,39.5646275,53.0325687,48.27178316,8.779556886,26.67678408,2.842034426
"217",2000,370,66.7,44.7,91.7,"IND",0,1,TRUE,"India","Southern Asia",0.4420347789,0,0,27.4374697,21.7000645,65.40816687,5.613948604,25.84154008,1.095260141
"218",2001,354,64.4,43.3,88.1,"IND",1,0,TRUE,"India","Southern Asia",0.4499111249,0,0,28.2070625,22.061817,64.55324323,5.70064294,26.04669415,1.058494641
"219",2002,336,62.1,41.9,84.5,"IND",1,1,TRUE,"India","Southern Asia",0.4688444283,0,0,28.7482182,22.3791768,63.70378872,5.787863407,26.23886257,0.9816339503
"220",2004,303,57.8,39.1,77.8,"IND",1,0,TRUE,"India","Southern Asia",0.6241050944,0,0,30.0042978,22.8136613,61.96232145,5.964104683,26.10227521,1.110990625
"221",2005,286,55.7,37.9,74.4,"IND",1,0,TRUE,"India","Southern Asia",0.7105093449,0,0,31.0945102,23.0876088,61.05733454,6.053235159,25.90241031,1.128651485
"222",2009,225,47.2,33.1,61.4,"IND",0,1,TRUE,"India","Southern Asia",1.09663498,0,0,33.9089209,24.0461508,57.28110818,6.418042831,26.62158446,1.037258091
"223",2011,197,43,30.6,55,"IND",1,0,TRUE,"India","Southern Asia",1.449601789,0,0,35.0484805,24.4942749,55.44659178,6.606592809,25.96763309,1.277591318
"224",2013,175,38.8,28.2,49,"IND",1,0,TRUE,"India","Southern Asia",1.43805748,0,0,35.8995987,25.2289071,53.69513485,6.799773425,25.72888828,1.269469545
"225",2015,158,34.9,25.9,43.5,"IND",1,1,TRUE,"India","Southern Asia",1.590173918,0,0,36.8641761,26.1393995,52.14810069,6.997808544,25.92756432,1.136098821
"226",2016,150,33.1,24.8,41,"IND",1,0,TRUE,"India","Southern Asia",1.714280355,0,0,37.5179484,26.4859265,51.40973408,7.098608231,26.35540972,1.131865588
"227",2018,NA,29.8,22.7,36.3,"IND",0,1,TRUE,"India","Southern Asia",1.974377788,0,0,38.5782885,27.0011589,50.01892798,7.303684048,26.19283211,1.202200314
"228",2000,48,29.7,19.5,36.2,"IRN",1,0,TRUE,"Iran","Southern Asia",1.672022877,0,0,17.4749058,11.822062,59.2339184,5.497654678,15.95936963,0.2380421929
"229",2001,44,28.2,18.8,34.2,"IRN",1,0,TRUE,"Iran","Southern Asia",1.902947639,0,0,16.8428306,12.2147116,55.26987594,5.665173395,16.27654518,0.2131818854
"230",2002,41,26.7,18.1,32.2,"IRN",1,0,TRUE,"Iran","Southern Asia",1.910477134,0,0,16.3175251,12.299314,52.07461539,5.833627145,15.82751168,0.2681886219
"231",2003,39,25.1,17.4,30.2,"IRN",1,0,NA,"Iran","Southern Asia",2.25951632,0,0,15.8833678,12.3818812,49.18670111,6.002965272,15.51477205,0.2996228046
"232",2004,36,23.6,16.7,28.2,"IRN",1,0,TRUE,"Iran","Southern Asia",2.751793042,0,0,15.5218141,12.4518143,46.30713199,6.173152029,15.7281923,0.3341318141
"233",2005,34,22.2,16,26.4,"IRN",1,0,NA,"Iran","Southern Asia",3.226613971,0,0,15.2270787,12.5956229,43.78164608,6.344163171,15.59130748,0.2544083645
"234",2006,32,20.9,15.4,24.7,"IRN",1,0,TRUE,"Iran","Southern Asia",3.736177793,0,0,14.9825538,12.5787568,41.58656227,6.515986481,15.79948282,0.2940959793
"235",2008,28,18.5,14,21.7,"IRN",1,0,TRUE,"Iran","Southern Asia",5.623911681,0,0,14.60721,12.3729432,38.54171784,6.86211506,15.50604514,0.1741836309
"236",2009,25,17.4,13.3,20.4,"IRN",1,0,TRUE,"Iran","Southern Asia",5.602556282,0,0,14.4636768,12.3041682,37.79189641,7.03649461,15.60469437,0.2870966669
"237",2010,22,16.5,12.6,19.3,"IRN",1,0,TRUE,"Iran","Southern Asia",6.458573936,0,0,14.0561198,12.2518968,37.51824071,7.211816508,16.80778192,0.201371725
"238",2012,18,15,11.3,17.5,"IRN",1,0,TRUE,"Iran","Southern Asia",8.329002044,0,0,13.9738933,12.0812312,38.15981472,7.565490396,15.56913402,0.2867493904
"239",2013,17,14.4,10.8,16.8,"IRN",1,0,TRUE,"Iran","Southern Asia",6.280681858,0,0,13.9343358,12.0034044,38.86674481,7.743934319,15.92246283,0.2433982487
"240",2014,17,13.8,10.4,16.1,"IRN",1,0,TRUE,"Iran","Southern Asia",5.757543337,0,0,16.589732,11.9767351,39.99498088,7.923500005,15.99274804,0.2269297808
"241",2017,16,12.4,9.2,14.4,"IRN",1,0,TRUE,"Iran","Southern Asia",5.75859072,0,0,16.3723333,12.2959549,43.32387136,8.469108534,16.19204915,0.2313465461
"242",2018,NA,11.9,8.9,13.9,"IRN",1,0,TRUE,"Iran","Southern Asia",3.87399534,0,0,16.4670641,12.4775809,44.14377682,8.653244488,16.19611449,0.2312813414
"243",2019,NA,11.5,8.6,13.4,"IRN",1,0,TRUE,"Iran","Southern Asia",3.277875596,0,0,16.5448253,12.6565245,44.74148003,8.838438376,16.20121939,0.2312032138
"244",2017,79,23.4,15.9,27.9,"IRQ",1,0,TRUE,"Iraq","Western Asia",4.725193573,0,0,25.4533792,38.8627344,74.88385704,9.696821394,22.99901003,0.1910681214
"245",2000,6,3.2,2.1,4.1,"ISL",1,0,NA,"Iceland","Northern Europe",32.09637226,1,1,1.328806,8.0720744,53.49002227,12.56674285,3.233286119,0.8772619133
"246",2002,3,4.3,3.1,5,"ITA",1,1,NA,"Italy","Southern Europe",22.3762979,1,1,32.9365067,39.6425563,49.43162484,9.558682879,13.97136542,1.036546835
"247",2003,3,4.1,2.9,4.8,"ITA",1,0,NA,"Italy","Southern Europe",27.52632246,1,1,33.1555993,39.7805921,49.93816672,9.634073546,13.97562766,0.7496454651
"248",2009,2,3.4,2.5,4.1,"ITA",1,0,NA,"Italy","Southern Europe",37.22675719,1,1,33.5070682,40.6815443,52.45645969,10.07830974,13.91773498,0.9271424048
"249",2012,2,3.2,2.3,3.8,"ITA",1,1,NA,"Italy","Southern Europe",35.05152127,1,1,33.4854524,41.1757511,53.83653847,10.29731741,13.97396052,0.8144539338
"250",2016,2,2.9,2.1,3.4,"ITA",1,0,NA,"Italy","Southern Europe",30.96073151,1,1,33.4699854,41.7569672,55.93231194,10.58600464,14.16789412,0.8439621027
"251",2017,2,2.8,2,3.3,"ITA",1,1,NA,"Italy","Southern Europe",32.40672032,1,1,33.4129775,41.8728951,56.14041237,10.65728901,14.01833461,0.7262045334
"252",2000,77,18.9,17,22.2,"JAM",0,1,NA,"Jamaica","Latin America and the Caribbean",3.447303896,0,0,23.649016,37.9958919,64.73097734,8.382401215,25.06992121,1.82189374
"253",2014,78,13.8,11.4,16,"JAM",0,1,NA,"Jamaica","Latin America and the Caribbean",4.991565519,0,0,23.3059546,40.4808073,42.86066824,9.803965799,25.47841483,1.945381466
"254",2000,70,22.5,16,26.8,"JOR",0,1,NA,"Jordan","Western Asia",1.673358125,0,0,55.7963471,42.8442355,75.56848585,8.970954855,18.4075682,0.2716456083
"255",2000,9,3.3,1.8,4.5,"JPN",1,0,NA,"Japan","Eastern Asia",39.16935957,1,1,56.8218736,69.8318779,47.44341618,12.16088345,14.00793326,1.496196696
"256",2001,8,3.1,1.7,4.3,"JPN",1,0,NA,"Japan","Eastern Asia",34.40618246,1,1,57.08826,69.8331951,48.41404602,12.23325387,13.75869488,1.539222602
"257",2003,7,2.9,1.6,4,"JPN",1,0,NA,"Japan","Eastern Asia",35.38703742,1,1,57.3953915,69.8751118,50.27333656,12.37364793,13.64068194,1.791656114
"258",2004,7,2.8,1.5,3.9,"JPN",1,0,NA,"Japan","Eastern Asia",38.29898017,1,1,57.5420908,69.9103991,51.08520629,12.44190551,14.56246636,1.659063555
"259",2005,7,2.8,1.4,3.7,"JPN",1,0,NA,"Japan","Eastern Asia",37.81289502,1,1,57.667067,69.9196671,52.08953339,12.50903719,13.60898972,1.356430453
"260",2007,6,2.6,1.3,3.5,"JPN",1,0,NA,"Japan","Eastern Asia",35.77902454,1,1,57.8550608,69.9312574,54.80989934,12.64044889,14.33847044,1.478998591
"261",2008,6,2.5,1.2,3.4,"JPN",1,0,NA,"Japan","Eastern Asia",39.87630397,1,1,57.9909031,69.9384381,56.18023679,12.70498081,13.97939049,1.571830897
"262",2009,6,2.4,1.2,3.3,"JPN",1,0,NA,"Japan","Eastern Asia",41.30899684,1,1,58.1593853,69.9456349,57.39122451,12.76888504,14.05241129,1.633703275
"263",2011,6,2.3,1,3.2,"JPN",1,0,NA,"Japan","Eastern Asia",48.76007895,1,1,58.4286329,70.0056491,58.94604645,12.89524676,13.86465316,1.716433787
"264",2013,5,2.1,1,2.9,"JPN",1,0,NA,"Japan","Eastern Asia",40.8986479,1,1,58.6471835,70.0795444,62.55846371,13.02030633,14.13682733,1.634510041
"265",2014,5,2.1,0.9,2.8,"JPN",1,0,NA,"Japan","Eastern Asia",38.47539525,1,1,58.7771204,70.1255969,64.80144363,13.08252216,13.84892194,1.677874798
"266",2016,5,2,0.9,2.7,"JPN",1,0,NA,"Japan","Eastern Asia",39.37547316,1,1,58.8908795,70.2276706,68.041824,13.20657382,14.64326632,1.79148147
"267",2018,NA,1.9,0.9,2.6,"JPN",1,0,NA,"Japan","Eastern Asia",39.7271166,1,1,58.6482234,70.4642132,69.90120633,13.33038357,13.89478068,1.467314518
"268",2019,NA,1.8,0.9,2.5,"JPN",1,0,NA,"Japan","Eastern Asia",40.45800188,1,1,58.7724446,70.5914538,70.50839936,13.39226816,13.90008048,1.46692589
"269",2003,49,30.8,21.8,35.2,"KAZ",1,0,NA,"Kazakhstan","Central Asia",2.068123979,0,0,10.933283,24.2790382,49.08207993,10.03750598,6.565846644,0.3924221324
"270",2004,653,50.8,27.1,81,"KEN",1,1,TRUE,"Kenya","Sub-Saharan Africa",0.4626182158,0,0,20.5646518,37.2203317,87.09425907,6.873608549,21.21548678,1.010735111
"271",2005,618,48,26.6,76.3,"KEN",0,1,TRUE,"Kenya","Sub-Saharan Africa",0.5227769025,0,0,20.9191021,37.3052556,86.09694286,6.978050013,21.13526054,0.8727537211
"272",2008,513,41.4,25.1,63.5,"KEN",0,1,TRUE,"Kenya","Sub-Saharan Africa",0.9159989157,0,0,21.9257273,37.6812812,84.21215776,7.296525041,21.06832738,1.088865376
"273",2010,432,39.3,24.2,57.4,"KEN",0,1,TRUE,"Kenya","Sub-Saharan Africa",1.093638961,0,0,22.6852062,37.9861725,83.14509868,7.516318549,21.56522686,1.133853812
"274",2011,398,38.5,23.9,55.5,"KEN",0,1,TRUE,"Kenya","Sub-Saharan Africa",1.099315094,0,0,23.0007788,38.1663184,82.53963293,7.629074941,21.39217997,1.026074234
"275",2014,358,36.4,22.9,50.6,"KEN",0,1,TRUE,"Kenya","Sub-Saharan Africa",1.489919111,0,0,24.0963999,38.8034265,79.93587665,7.980844305,21.47269578,0.9906657833
"276",2016,346,34.4,22.2,47.2,"KEN",0,1,TRUE,"Kenya","Sub-Saharan Africa",1.562076142,0,0,24.8178265,39.3143148,77.51572125,8.227099321,21.99217755,1.198411947
"277",2019,NA,32,21,43,"KEN",0,1,TRUE,"Kenya","Sub-Saharan Africa",1.970105143,0,0,25.8182115,40.1088887,73.28759487,8.61425983,21.80466062,1.256120056
"278",2006,85,32.7,19.5,37.5,"KGZ",1,0,NA,"Kyrgyzstan","Central Asia",0.5431107024,0,0,20.0584539,24.3023118,57.81200102,10.51568108,6.141269134,0.4026325162
"279",2008,81,29.6,18.5,33.7,"KGZ",1,0,NA,"Kyrgyzstan","Central Asia",0.9663936272,0,0,20.1661274,25.1029378,55.2033252,10.64084476,5.802421194,0.3630582872
"280",2009,80,27.8,17.7,31.6,"KGZ",0,1,NA,"Kyrgyzstan","Central Asia",0.8712243893,0,0,21.7194699,25.4168929,54.18837491,10.70230582,5.600934105,0.4395033446
"281",2011,79,24.5,16.3,27.7,"KGZ",1,0,TRUE,"Kyrgyzstan","Central Asia",1.123883168,0,0,21.9298562,26.3690675,53.50304607,10.82340255,5.526635013,0.4636612522
"282",2015,66,19.9,14.6,22.3,"KGZ",1,0,NA,"Kyrgyzstan","Central Asia",1.121082835,0,0,22.1870106,27.6116865,57.01664373,11.05999019,6.234823634,0.4548769277
"283",2017,60,18,13.4,20.1,"KGZ",1,0,NA,"Kyrgyzstan","Central Asia",1.242769643,0,0,22.3368919,28.0953421,59.46095301,11.17641399,5.68596243,0.4411836629
"284",2001,456,73.4,33.4,96.6,"KHM",0,1,TRUE,"Cambodia","South-eastern Asia",0.3228998639,0,0,12.9740736,18.9340978,73.40099868,4.132433061,28.24018529,1.734306301
"285",2002,430,67.3,31.5,86.7,"KHM",0,1,NA,"Cambodia","South-eastern Asia",0.3410367658,0,0,13.1393727,19.1956002,70.71366553,4.201985328,28.38223204,1.700768428
"286",2005,351,52.8,26.8,64.7,"KHM",0,1,NA,"Cambodia","South-eastern Asia",0.4750693943,0,0,14.0710956,19.8975431,63.64932306,4.418198816,28.3668018,1.680203772
"287",2016,168,26,15.6,30.3,"KHM",0,1,NA,"Cambodia","South-eastern Asia",1.281105964,0,0,17.9369723,22.1122449,53.97531993,5.307406968,28.52121359,1.688416113
"288",2001,15,6.1,3.2,7.1,"KOR",0,1,NA,"South Korea","Eastern Asia",11.56124837,1,1,65.5609152,69.5205342,39.38221204,11.63608272,12.12202521,1.172259413
"289",2016,11,2.9,1.6,3.4,"KOR",1,0,NA,"South Korea","Eastern Asia",29.28887044,1,1,71.7612364,71.6424853,36.48812444,13.30716246,12.66135166,1.295993754
"290",2017,11,2.8,1.6,3.3,"KOR",1,0,NA,"South Korea","Eastern Asia",31.6168434,1,1,71.9342529,71.791687,36.84235122,13.40076669,12.27673236,1.007645769
"291",2019,NA,36.5,22.2,45.7,"LAO",0,1,NA,"Laos","South-eastern Asia",2.598505523,0,0,2.5830442,7.9722322,56.0518992,5.730571249,24.63613506,2.00898756
"292",2007,87,16.4,12.4,18.8,"LCA",1,0,NA,"Saint Lucia","Latin America and the Caribbean",7.975792541,0,0,14.0407499,8.5123651,50.96199771,7.355616217,26.09732497,1.908474429
"293",2010,109,17.3,12.7,19.7,"LCA",0,1,NA,"Saint Lucia","Latin America and the Caribbean",8.697797625,0,0,13.9011489,8.7850449,46.79210285,7.648100938,26.65825424,2.46622467
"294",2001,53,13.7,9.1,16,"LKA",0,1,TRUE,"Sri Lanka","Southern Asia",0.8328035723,0,0,42.0752652,49.7054961,50.78247042,7.30098252,26.99636823,1.585236525
"295",2004,48,17.7,7.6,28.9,"LKA",1,0,TRUE,"Sri Lanka","Southern Asia",1.065784437,0,0,42.1919167,50.8037477,49.75028429,7.585002427,26.77446524,2.255112053
"296",2012,37,8.9,6.1,10.4,"LKA",0,1,TRUE,"Sri Lanka","Southern Asia",3.449066903,0,0,44.0542181,52.9925805,50.02411036,8.353894093,27.17071039,1.903430903
"297",2014,36,7.9,5.5,9.3,"LKA",0,1,TRUE,"Sri Lanka","Southern Asia",3.971918675,0,0,44.4551813,53.7472087,51.02482162,8.549784514,27.08744438,2.063498635
"298",2016,36,7.1,4.8,8.2,"LKA",0,1,NA,"Sri Lanka","Southern Asia",4.150934408,0,0,44.7665805,54.0626135,51.76123692,8.747367275,27.39195689,1.490797604
"299",2019,NA,6.2,4.2,7.2,"LKA",0,1,NA,"Sri Lanka","Southern Asia",4.08269462,0,0,45.255534,53.9369048,52.38770205,9.046881663,27.139447,1.889502389
"300",2002,653,71.2,40.1,110.7,"LSO",0,1,NA,"Lesotho","Sub-Saharan Africa",0.3883692081,0,0,10.5121451,8.9965208,75.03174176,4.693908536,13.56394724,0.714385998
"301",2007,652,73.8,41.1,114.3,"LSO",0,1,NA,"Lesotho","Sub-Saharan Africa",0.8480194746,0,0,10.9567602,9.4649127,70.16540695,5.194397881,13.97411865,0.707490494
"302",2011,585,69,42.4,93.9,"LSO",0,1,NA,"Lesotho","Sub-Saharan Africa",1.265863867,0,0,11.8678326,9.9240132,66.82292763,5.614108869,13.61710384,0.9055253324
"303",2016,559,72.9,45.1,91.5,"LSO",0,1,NA,"Lesotho","Sub-Saharan Africa",0.9862659867,0,0,12.4384806,10.518034,64.32885209,6.155878165,14.63356555,0.5895699905
"304",2019,NA,71.4,44.8,90.9,"LSO",0,1,NA,"Lesotho","Sub-Saharan Africa",1.10256487,0,0,12.7101236,10.7966322,62.82093956,6.486981365,14.20181402,0.631428401
"305",2006,14,6.9,4.1,8.6,"LTU",0,1,NA,"Lithuania","Northern Europe",9.230707981,0,1,37.3390835,20.7361573,48.97744865,12.38956146,7.474654165,0.5945428243
"306",2018,NA,3.3,2.2,4,"LTU",0,1,NA,"Lithuania","Northern Europe",19.18635959,1,1,36.6000436,21.3008573,53.43942207,13.13152302,7.62264326,0.8187317828
"307",2004,142,37.2,25.5,43.7,"MAR",1,0,TRUE,"Morocco","Northern Africa",1.964080078,0,0,49.0071049,37.6230665,56.98265979,4.042241369,17.76835368,0.355591651
"308",2000,44,26.2,20.4,31.5,"MDA",0,1,NA,"Moldova","Eastern Europe",0.440538684,0,0,26.8088625,17.7676003,48.08535546,11.14176713,10.96469529,0.4504772992
"309",2007,31,15.7,13,18.3,"MDA",0,1,NA,"Moldova","Eastern Europe",1.531221862,0,0,26.4308366,17.7197544,41.43968058,11.7251922,11.63615492,0.4657033806
"310",2012,22,14.2,12.2,16.5,"MDA",0,1,NA,"Moldova","Eastern Europe",3.044808478,0,0,26.0685917,17.78548,39.12535087,12.11468593,10.96219216,0.5325142087
"311",2000,559,67.5,30.7,105.4,"MDG",0,1,NA,"Madagascar","Sub-Saharan Africa",0.2854664563,0,0,9.7962806,12.2206989,92.25273875,4.757425403,21.13589093,1.480292824
"312",2002,547,62.5,29.2,96.5,"MDG",0,1,NA,"Madagascar","Sub-Saharan Africa",0.3109297034,0,0,10.594899,12.6956192,91.64786405,4.967295607,21.20415138,1.716575554
"313",2005,526,55.9,27.3,84.8,"MDG",0,1,NA,"Madagascar","Sub-Saharan Africa",0.3117931318,0,0,11.9482596,13.2640508,89.74084134,5.288685277,21.34348471,1.607834234
"314",2008,491,50.3,25.5,74.8,"MDG",0,1,NA,"Madagascar","Sub-Saharan Africa",0.5228306321,0,0,12.9400856,13.220531,87.07664803,5.622954371,21.16950598,1.646899913
"315",2014,378,42.3,22.7,60.8,"MDG",0,1,NA,"Madagascar","Sub-Saharan Africa",0.5171361761,0,0,15.2404415,13.8403449,80.12025583,6.35137629,21.8193717,1.625702622
"316",2016,348,40.3,21.9,57.2,"MDG",0,1,NA,"Madagascar","Sub-Saharan Africa",0.4646161535,0,0,16.0228895,14.1817456,78.34108837,6.614716404,21.65548055,1.240436312
"317",2017,335,39.3,21.5,55.5,"MDG",0,1,NA,"Madagascar","Sub-Saharan Africa",0.5034980587,0,0,16.4667536,14.3505355,77.57660746,6.750265226,22.10330263,1.549029545
"318",2004,89,21.4,13.6,26.9,"MDV",1,0,NA,"Maldives","Southern Asia",4.060534405,0,0,80.5865278,0.1190879,62.75317819,3.314412782,7.845618758,0.5956773328
"319",2000,55,23.8,14.4,28.4,"MEX",1,0,NA,"Mexico","Latin America and the Caribbean",7.232878809,1,1,70.867407,49.1878171,64.5909513,6.517099631,19.83114848,0.8883922321
"320",2002,56,21.9,12.4,26,"MEX",0,1,NA,"Mexico","Latin America and the Caribbean",7.65089885,1,1,71.0303508,49.4842565,63.01354144,6.728664297,19.78806971,0.9189815495
"321",2003,55,21,11.4,24.9,"MEX",1,0,TRUE,"Mexico","Latin America and the Caribbean",7.12038477,1,1,71.100862,49.6297656,62.24932038,6.834241379,19.90260345,0.9517523031
"322",2010,46,16.4,9,19.2,"MEX",1,0,TRUE,"Mexico","Latin America and the Caribbean",9.399970908,1,1,71.8228088,50.5980556,56.38445982,7.573039039,19.41779469,0.9927426274
"323",2011,43,15.9,8.9,18.5,"MEX",1,1,TRUE,"Mexico","Latin America and the Caribbean",10.34152105,1,1,71.9173772,50.7495788,55.64629832,7.678978646,20.19613429,0.882665127
"324",2012,41,15.4,8.7,17.9,"MEX",1,0,TRUE,"Mexico","Latin America and the Caribbean",10.37605767,1,1,72.0205181,50.9376572,54.98575362,7.785118228,20.14043491,0.9268811571
"325",2014,38,14.4,8.3,16.8,"MEX",1,0,TRUE,"Mexico","Latin America and the Caribbean",11.07609245,1,1,72.2238937,51.3618559,53.57964442,7.998200579,19.84632588,1.086620655
"326",2017,33,13,8.6,15.2,"MEX",1,0,TRUE,"Mexico","Latin America and the Caribbean",9.434386487,1,1,72.5915615,52.0637094,51.71927171,8.319632123,20.56491366,1.008352334
"327",2018,NA,12.6,8.7,14.6,"MEX",1,0,TRUE,"Mexico","Latin America and the Caribbean",9.857028829,1,1,72.7633454,52.33728,51.20120626,8.427332037,20.58144867,1.005616006
"328",2013,NA,30.4,17.2,37.2,"MHL",0,1,NA,"Marshall Islands","Micronesia",3.611699642,0,0,41.1312716,3.6329901,69.29416807,8.288030526,22.78962797,1.685577375
"329",2015,NA,29.1,16.5,35.4,"MHL",0,1,NA,"Marshall Islands","Micronesia",3.703649059,0,0,41.9553348,4.6933286,66.72853045,8.479587192,22.71514093,2.359625042
"330",2016,8,9.6,7.8,10.9,"MKD",1,0,NA,"Macedonia","Southern Europe",5.149589074,0,0,3.0875597,11.9792669,42.78168444,11.49688316,10.92418598,0.7825536014
"331",2001,797,98.8,49.3,181.1,"MLI",0,1,NA,"Mali","Sub-Saharan Africa",0.2994121725,0,0,15.2527301,15.0965835,98.25080031,1.737873701,28.56039089,0.6938508407
"332",2005,691,88.1,43.6,156.4,"MLI",0,1,TRUE,"Mali","Sub-Saharan Africa",0.4739950135,0,0,16.4209387,16.0430515,97.45401334,1.962112153,28.96867006,0.7127754975
"333",2006,675,85.7,42.6,150.8,"MLI",0,1,TRUE,"Mali","Sub-Saharan Africa",0.506911863,0,0,16.681671,16.3310717,97.82043154,2.021861864,28.58855167,0.749100874
"334",2010,660,76.7,38.9,130.3,"MLI",0,1,TRUE,"Mali","Sub-Saharan Africa",0.688327813,0,0,18.0133116,17.52282,99.8923768,2.278422188,28.99938904,0.9196689038
"335",2011,663,74.6,38,125.6,"MLI",0,1,TRUE,"Mali","Sub-Saharan Africa",0.8101826007,0,0,18.32725,17.8412118,100.5984912,2.347434526,28.73703204,0.6607502658
"336",2004,307,59.1,33.6,79.7,"MMR",1,0,TRUE,"Myanmar","South-eastern Asia",0.1983769239,0,0,12.9459874,21.3405457,54.91896301,4.537800846,25.73993582,2.150229749
"337",2011,259,47,27.8,61,"MMR",1,0,TRUE,"Myanmar","South-eastern Asia",1.086838467,0,0,12.9945452,23.0428219,49.61618775,5.088966244,25.50490027,2.658764346
"338",2012,254,45.4,27.1,58.6,"MMR",1,0,TRUE,"Myanmar","South-eastern Asia",1.161305962,0,0,13.168609,23.246103,48.92967241,5.170294227,25.84673654,1.884784032
"339",2016,245,39.7,24.6,50.3,"MMR",1,0,TRUE,"Myanmar","South-eastern Asia",1.161861778,0,0,13.8764155,24.0763881,47.10769707,5.504065844,25.97050472,2.432769834
"340",2000,155,48.6,23.7,63.5,"MNG",0,1,NA,"Mongolia","Eastern Asia",0.4638538819,0,0,9.1079612,26.5964621,62.94311967,7.700540242,-1.207435025,0.2597626128
"341",2001,745,106.1,44.5,161,"MOZ",0,1,NA,"Mozambique","Sub-Saharan Africa",0.2962873986,0,0,13.7997937,14.9365319,89.77125235,2.943353677,24.3104184,1.197675618
"342",2003,657,95.3,40.9,145,"MOZ",0,1,NA,"Mozambique","Sub-Saharan Africa",0.3285282724,0,0,13.9051996,15.363675,90.50639089,3.100522118,24.47708487,1.006429821
"343",2005,577,86.9,38.2,132,"MOZ",0,1,TRUE,"Mozambique","Sub-Saharan Africa",0.422642221,0,0,14.2197043,15.8287903,91.1127539,3.264171074,24.90535076,0.863654524
"344",2006,539,83.2,37.1,126.2,"MOZ",1,0,TRUE,"Mozambique","Sub-Saharan Africa",0.442558692,0,0,14.2658747,16.0540112,91.40166768,3.348821747,24.41109542,0.9397647725
"345",2007,505,78,36.1,118.8,"MOZ",0,1,NA,"Mozambique","Sub-Saharan Africa",0.4910992179,0,0,14.2944629,16.2973321,91.63782263,3.435546402,24.48580486,1.057879775
"346",2008,471,75.6,35.3,112.9,"MOZ",0,1,NA,"Mozambique","Sub-Saharan Africa",0.5747707482,0,0,14.3381199,16.5813132,91.94661555,3.5245039,24.29405705,1.032744724
"347",2010,412,72.5,34,104.9,"MOZ",0,1,NA,"Mozambique","Sub-Saharan Africa",0.48126818,0,0,14.8205405,17.1190619,92.66264153,3.709802425,24.76913094,0.9565453953
"348",2016,301,59.4,30.7,80.4,"MOZ",0,1,TRUE,"Mozambique","Sub-Saharan Africa",0.4309931688,0,0,14.8396505,18.615852,89.67588095,4.333335328,24.55283963,0.8604941094
"349",2001,835,68.9,42.1,112.1,"MRT",0,1,NA,"Mauritania","Sub-Saharan Africa",0.6322145622,0,0,20.957047,18.9434552,88.51853975,4.890175095,29.0396885,0.2215467768
"350",2010,824,61.2,37.9,95.6,"MRT",0,1,TRUE,"Mauritania","Sub-Saharan Africa",1.646131442,0,0,25.8755059,19.4274555,88.04892682,5.836766706,29.42446961,0.352185155
"351",2011,822,60,37.2,93,"MRT",0,1,TRUE,"Mauritania","Sub-Saharan Africa",1.919454524,0,0,26.4122475,19.5052645,89.3946999,5.950637943,28.80992588,0.2190568877
"352",2017,766,52.6,33.1,77.7,"MRT",0,1,NA,"Mauritania","Sub-Saharan Africa",1.634643606,0,0,29.5857077,20.3942635,87.69857169,6.691079785,29.0608387,0.2151419871
"353",2018,NA,51.5,32.4,75.5,"MRT",0,1,NA,"Mauritania","Sub-Saharan Africa",1.749954236,0,0,30.1007421,20.6261701,86.58963154,6.825315399,29.05348266,0.2150319961
"354",2002,714,84.6,34.8,145.5,"MWI",0,1,NA,"Malawi","Sub-Saharan Africa",0.2966395682,0,0,13.935793,19.5558168,97.59619875,5.219349634,22.63744155,0.9216477881
"355",2005,610,65,29.8,110.5,"MWI",0,1,NA,"Malawi","Sub-Saharan Africa",0.2866110498,0,0,14.6468049,21.2397578,100.180098,5.55481446,23.22754636,0.7830719286
"356",2007,526,59.6,28.9,99.9,"MWI",0,1,NA,"Malawi","Sub-Saharan Africa",0.3284760994,0,0,15.2530642,22.6970297,101.4735505,5.7863545,22.61364356,1.076028794
"357",2009,466,54.5,28.5,89.4,"MWI",1,0,NA,"Malawi","Sub-Saharan Africa",0.4329783277,0,0,15.8434975,24.4198378,101.6750149,6.025141007,22.50090759,1.075604478
"358",2012,413,45.6,26,70.7,"MWI",0,1,NA,"Malawi","Sub-Saharan Africa",0.386906541,0,0,16.9019963,27.0141808,100.5517304,6.398736519,22.15627286,1.024946276
"359",2015,370,36.7,22.7,53.3,"MWI",0,1,NA,"Malawi","Sub-Saharan Africa",0.3762462048,0,0,18.60316,29.27255,97.06272116,6.792756473,22.73962781,0.9273850955
"360",2004,32,7.1,4,8.3,"MYS",1,0,NA,"Malaysia","South-eastern Asia",4.924338111,0,0,37.2889078,52.7607154,57.22830422,7.295011532,26.69518107,2.381616536
"361",2014,30,6.8,4.1,8,"MYS",0,1,TRUE,"Malaysia","South-eastern Asia",11.04544513,0,0,41.4604982,54.2528108,45.59448905,8.364753687,26.70044841,2.394888691
"362",2015,30,6.9,4.2,8.1,"MYS",1,0,NA,"Malaysia","South-eastern Asia",9.699584021,0,0,41.7475158,54.4150366,45.03905324,8.469842299,26.86312032,2.349859347
"363",2001,352,44.2,22.6,75.3,"NAM",0,1,TRUE,"Namibia","Sub-Saharan Africa",1.916251633,0,0,28.4805989,17.3676747,80.61811336,6.104169886,21.59075873,0.4225054774
"364",2002,356,43.6,21.8,74.7,"NAM",0,1,NA,"Namibia","Sub-Saharan Africa",1.773439462,0,0,28.9952288,17.4097566,79.62071379,6.218733776,21.65382285,0.4159549263
"365",2013,231,35.8,21.7,49.1,"NAM",0,1,NA,"Namibia","Sub-Saharan Africa",5.463017361,0,0,35.4200587,18.6217275,67.08656022,7.47780521,21.51113797,0.3615174282
"366",2015,217,33.3,21.7,47.6,"NAM",0,1,NA,"Namibia","Sub-Saharan Africa",4.96568086,0,0,37.0430669,18.9956576,66.76789956,7.706175482,21.81380772,0.3293439994
"367",2018,NA,31.7,20.8,43.9,"NAM",0,1,NA,"Namibia","Sub-Saharan Africa",5.687399093,0,0,38.9659715,19.5544411,67.06470764,8.046731679,21.40623997,0.4113190927
"368",2001,803,93.7,41.6,215.2,"NER",0,1,NA,"Niger","Sub-Saharan Africa",0.2035264869,0,0,9.5341502,9.9413695,98.55614197,1.10962347,28.76157975,0.4667784863
"369",2005,755,78.5,36.5,170.2,"NER",0,1,TRUE,"Niger","Sub-Saharan Africa",0.3163656254,0,0,9.4879827,10.597477,102.1341554,1.286424868,29.42237832,0.5609690374
"370",2009,688,64.8,31.8,130.3,"NER",0,1,TRUE,"Niger","Sub-Saharan Africa",0.4584219127,0,0,9.4295918,11.2307,105.48638,1.475449996,29.67641362,0.4279055165
"371",2011,639,59.3,29.7,114.5,"NER",0,1,NA,"Niger","Sub-Saharan Africa",0.5076025233,0,0,9.3753564,11.6744486,106.5008577,1.575951128,29.34505801,0.4031877919
"372",2015,555,51.8,26.8,93.8,"NER",0,1,TRUE,"Niger","Sub-Saharan Africa",0.4811112995,0,0,9.2307386,12.5394631,106.2693908,1.79308749,28.96195278,0.4403984289
"373",2017,509,49.1,25.7,86.6,"NER",0,1,TRUE,"Niger","Sub-Saharan Africa",0.5145433128,0,0,9.1419472,12.7580368,106.0260514,1.91144627,29.06092043,0.4918371417
"374",2000,162,31.4,16.8,38.5,"NIC",1,1,NA,"Nicaragua","Latin America and the Caribbean",0.996897852,0,0,20.0346518,13.1447872,77.4826405,4.949947173,24.94191633,1.58477066
"375",2001,157,29.9,16.4,36.5,"NIC",0,1,NA,"Nicaragua","Latin America and the Caribbean",1.02510851,0,0,19.9742278,13.2441371,75.85431032,5.034480605,25.36770759,1.508077549
"376",2014,103,17.3,12.4,20.2,"NIC",1,1,NA,"Nicaragua","Latin America and the Caribbean",1.913521348,0,0,21.0827133,14.9928245,58.20435188,6.113828458,25.39466163,1.534955967
"377",2018,NA,14.8,10.3,17.3,"NIC",0,1,NA,"Nicaragua","Latin America and the Caribbean",1.98185912,0,0,20.6040074,15.5413838,55.90925416,6.463183878,25.45688971,1.688815633
"378",2006,386,43.8,31,56.3,"NPL",0,1,TRUE,"Nepal","Southern Asia",0.34102814,0,0,17.5256149,33.8425641,74.5433346,4.358522034,20.31110032,1.489514467
"379",2009,323,38.3,27.6,48.3,"NPL",0,1,FALSE,"Nepal","Southern Asia",0.4756359761,0,0,19.9278963,34.9285564,70.67636919,4.708766607,20.76604122,1.371231198
"380",2011,285,35,25.4,43.6,"NPL",1,0,NA,"Nepal","Southern Asia",0.791225217,0,0,22.9153009,35.5621543,67.77389706,4.945034038,20.19097159,2.118328987
"381",2015,236,29.2,21.3,35.5,"NPL",1,0,NA,"Nepal","Southern Asia",0.8823074488,0,0,31.1080359,36.7467774,63.62740682,5.420018342,20.18071799,1.589517333
"382",2010,11,5.1,3.2,6.1,"NZL",1,0,NA,"New Zealand","Australia and New Zealand",33.67677412,1,1,67.1440596,53.0681945,51.1122681,12.61781018,13.35634335,1.317720005
"383",2011,10,5,3.3,6,"NZL",1,0,NA,"New Zealand","Australia and New Zealand",38.38762708,1,1,67.262389,53.1564366,51.58844567,12.65538269,13.23486986,1.504271937
"384",2013,9,4.8,3.3,5.8,"NZL",1,1,NA,"New Zealand","Australia and New Zealand",42.97664959,1,1,67.5495679,53.5091685,52.69854747,12.73158888,13.42089994,1.294650015
"385",2016,10,4.4,3.1,5.4,"NZL",1,0,NA,"New Zealand","Australia and New Zealand",40.05819616,1,1,67.8795941,53.8018067,52.84255508,12.84882036,13.73899547,1.201523682
"386",2001,275,82.6,55.8,105,"PAK",1,0,TRUE,"Pakistan","Southern Asia",0.4992183062,0,0,21.3889994,29.1544901,84.86640007,4.707424899,24.01651893,0.3936784214
"387",2002,264,80.9,54.9,102.4,"PAK",1,0,TRUE,"Pakistan","Southern Asia",0.4894255272,0,0,22.017996,29.4653831,83.79500875,4.800168459,24.13595186,0.3154311796
"388",2004,243,77.9,53.3,98.1,"PAK",1,0,TRUE,"Pakistan","Southern Asia",0.6314711708,0,0,22.4114188,30.0510939,81.81032105,4.988291459,24.25778079,0.398451395
"389",2005,237,76.6,52.6,96.3,"PAK",1,0,TRUE,"Pakistan","Southern Asia",0.6885005879,0,0,22.4602923,30.4555673,80.64328957,5.083662446,23.34092006,0.4665070509
"390",2008,205,72.8,50.9,90.9,"PAK",1,0,TRUE,"Pakistan","Southern Asia",0.9147314893,0,0,24.6631499,31.4130127,77.2895639,5.375039443,23.75091614,0.5273316058
"391",2011,180,68.6,49,85,"PAK",1,0,TRUE,"Pakistan","Southern Asia",1.075450496,0,0,25.6106533,32.2723821,74.60236727,5.674759934,23.94062396,0.4686361032
"392",2013,166,65.4,47.1,80.6,"PAK",1,0,TRUE,"Pakistan","Southern Asia",1.126041261,0,0,27.1076016,33.114174,73.91779481,5.879445822,23.89548771,0.5255788035
"393",2015,154,62.1,45.2,76,"PAK",1,0,TRUE,"Pakistan","Southern Asia",1.282443153,0,0,29.2769541,33.6960745,73.40754717,6.088207884,23.66290949,0.6394472519
"394",2016,143,60.5,44.3,73.8,"PAK",1,0,TRUE,"Pakistan","Southern Asia",1.468821421,0,0,29.9458501,33.9596024,73.16398033,6.194120325,24.5948753,0.470575915
"395",2019,NA,55.7,41.4,67.3,"PAK",1,1,TRUE,"Pakistan","Southern Asia",1.437165907,0,0,30.2209085,34.8091027,71.50674864,6.517963114,24.37484706,0.4480020414
"396",2003,93,20.5,13.6,24.1,"PAN",1,0,NA,"Panama","Latin America and the Caribbean",4.30410698,0,0,32.2371516,27.2199638,57.87076526,8.565533827,25.90295655,2.666508484
"397",2013,66,15.5,10.1,18.1,"PAN",0,1,NA,"Panama","Latin America and the Caribbean",11.93228622,0,0,37.6101737,28.8941563,54.96568218,9.507207921,26.0011642,2.350449052
"398",2015,58,14.6,9.5,17,"PAN",0,1,NA,"Panama","Latin America and the Caribbean",13.66955944,0,0,38.1474775,29.4339471,54.71293785,9.696999542,26.19011306,2.445276819
"399",2018,NA,13.2,8.6,15.4,"PAN",0,1,NA,"Panama","Latin America and the Caribbean",15.58833733,0,0,39.9652129,30.1593814,54.2963056,9.984638442,25.82781159,2.435697316
"400",2001,138,27.2,15.2,35.3,"PER",1,0,TRUE,"Peru","Latin America and the Caribbean",1.92597942,0,0,36.6176378,23.8173989,63.74430636,8.550247292,16.2045916,0.6251180996
"401",2002,132,25.2,14.3,32.7,"PER",0,1,TRUE,"Peru","Latin America and the Caribbean",2.003971081,0,0,36.7461216,23.9528989,62.83477049,8.628078635,16.71585716,0.5469481399
"402",2004,122,22,12.8,28.3,"PER",0,1,TRUE,"Peru","Latin America and the Caribbean",2.393665897,0,0,36.9921002,24.1600378,61.28645993,8.778351106,16.7751487,0.4477116721
"403",2005,118,20.6,12.2,26.5,"PER",1,0,TRUE,"Peru","Latin America and the Caribbean",2.702237701,0,0,37.4360768,24.2099057,60.68606771,8.851092221,16.46291301,0.373339531
"404",2006,114,19.3,11.7,24.9,"PER",0,1,FALSE,"Peru","Latin America and the Caribbean",3.123320159,0,0,37.5509404,24.3182367,60.19172721,8.922517352,16.78337391,0.4920275438
"405",2007,112,18.2,11.1,23.4,"PER",1,0,TRUE,"Peru","Latin America and the Caribbean",3.572363589,0,0,37.6875381,24.4286988,59.77594911,8.99284259,16.11115885,0.4313682538
"406",2011,102,14.6,9.4,18.8,"PER",1,0,TRUE,"Peru","Latin America and the Caribbean",5.826832307,0,0,38.4165969,24.9044723,58.35124592,9.266896708,16.51497948,0.5856822831
"407",2012,100,13.9,9,17.9,"PER",1,0,TRUE,"Peru","Latin America and the Caribbean",6.47568607,0,0,38.5167809,25.0692722,58.07738258,9.334602642,16.95181586,0.4254275505
"408",2013,98,13.3,8.7,17.1,"PER",1,0,NA,"Peru","Latin America and the Caribbean",6.697185268,0,0,38.611324,25.2310223,57.79576111,9.402341793,16.33487564,0.4606750212
"409",2014,96,12.7,8.4,16.4,"PER",1,0,TRUE,"Peru","Latin America and the Caribbean",6.614933339,0,0,38.7110235,25.3941665,57.46252931,9.470252086,16.8796248,0.4398266759
"410",2016,91,11.7,7.8,15,"PER",1,0,TRUE,"Peru","Latin America and the Caribbean",6.163791026,0,0,39.2966071,25.6877094,56.49434791,9.607203705,17.40699879,0.5579578866
"411",2018,NA,10.7,7.2,13.8,"PER",1,0,TRUE,"Peru","Latin America and the Caribbean",6.912110297,0,0,39.9647372,25.9904007,55.12780315,9.746535977,17.18029153,0.5014764909
"412",2019,NA,10.3,7,13.3,"PER",1,0,NA,"Peru","Latin America and the Caribbean",6.955809959,0,0,42.0681054,26.1219226,54.32302586,9.817276269,17.19216736,0.5018067114
"413",2002,160,27.8,16.3,36.2,"PHL",1,1,TRUE,"Philippines","South-eastern Asia",1.037174125,0,0,50.6252621,46.7796936,69.91150095,8.524988418,26.41300316,2.312685899
"414",2007,149,25.7,15.4,33,"PHL",0,1,TRUE,"Philippines","South-eastern Asia",1.741603172,0,0,51.9395065,46.3378762,66.35187714,8.903462072,26.53896814,2.522792058
"415",2009,149,25,15,32.1,"PHL",1,0,TRUE,"Philippines","South-eastern Asia",1.893281164,0,0,52.5082147,46.4337145,64.23768912,9.050021515,26.21816609,2.691885094
"416",2011,141,24.5,14.7,31.3,"PHL",1,0,TRUE,"Philippines","South-eastern Asia",2.431202037,0,0,53.1143147,47.1892816,62.49813487,9.196064002,26.32560769,3.132656617
"417",2012,139,24.2,14.6,30.9,"PHL",1,0,TRUE,"Philippines","South-eastern Asia",2.671777205,0,0,53.449342,48.0380393,61.7297401,9.269377254,26.64016621,2.888070155
"418",2013,136,23.9,14.4,30.5,"PHL",1,0,TRUE,"Philippines","South-eastern Asia",2.847566937,0,0,53.7545609,49.0016464,60.9990398,9.343069701,26.67594473,2.400411421
"419",2015,127,23.4,14.1,29.6,"PHL",0,1,TRUE,"Philippines","South-eastern Asia",2.974299531,0,0,54.4143766,50.0306677,59.42296953,9.492108697,26.69274916,2.200031655
"420",2016,124,23,13.9,29.1,"PHL",1,0,TRUE,"Philippines","South-eastern Asia",3.038149734,0,0,54.7217273,50.2716801,58.6756179,9.567716628,27.0434158,2.366113616
"421",2017,121,22.6,13.6,28.5,"PHL",1,0,TRUE,"Philippines","South-eastern Asia",3.07743564,0,0,55.0173044,50.5700865,58.08026781,9.644179945,26.58308344,2.855395703
"422",2019,NA,21.5,12.9,27.1,"PHL",1,1,TRUE,"Philippines","South-eastern Asia",3.413847924,0,0,55.6810441,51.0700257,57.09898946,9.799890918,26.58083027,2.855859062
"423",2000,249,53.6,30.2,71.1,"PNG",1,0,TRUE,"Papua New Guinea","Melanesia",0.6392791999,0,0,4.368456,4.7592751,74.30106132,2.673827255,23.97334335,2.902358992
"424",2001,242,52.8,29.6,69.9,"PNG",1,0,TRUE,"Papua New Guinea","Melanesia",0.5406738896,0,0,4.4027238,4.7729135,73.72928301,2.735416351,23.95825322,2.912659023
"425",2002,234,52.1,29.1,68.8,"PNG",1,0,TRUE,"Papua New Guinea","Melanesia",0.5090304919,0,0,4.4033116,4.784506,73.12533365,2.797381721,23.96762666,2.91170543
"426",2005,200,49.6,27.9,64.9,"PNG",1,0,NA,"Papua New Guinea","Melanesia",0.7487350734,0,0,4.3522239,4.826802,71.20719601,2.985753075,23.90074597,2.906859499
"427",2015,151,40.2,23.8,51,"PNG",0,1,NA,"Papua New Guinea","Melanesia",2.502084291,0,0,4.0318596,5.1677159,64.73575639,3.645644742,23.7479092,2.898476765
"428",2018,NA,37.2,22.5,46.8,"PNG",1,0,NA,"Papua New Guinea","Melanesia",2.584298769,0,0,3.9222808,5.3003929,62.58503745,3.853858345,23.70658613,2.910534791
"429",2019,NA,36.2,22,45.3,"PNG",1,0,NA,"Papua New Guinea","Melanesia",2.59380465,0,0,3.8810696,5.3362878,61.86055868,3.924333637,23.68662073,2.910973088
"430",2018,NA,3.9,2.8,4.5,"POL",0,1,NA,"Poland","Eastern Europe",15.50458048,1,1,36.0839979,33.4681097,48.06263783,11.37651988,9.186836272,0.7252844813
"431",2012,96,19.8,13.9,25.7,"PRK",0,1,NA,"North Korea","Eastern Asia",NA,0,0,25.3928282,30.2398446,44.6432565,9.112064326,7.405846171,1.28087074
"432",2015,91,16,11.4,21.1,"PRK",0,1,NA,"North Korea","Eastern Asia",NA,0,0,25.2029118,30.7185709,43.88884642,9.453577258,8.743311406,0.8231080612
"433",2017,89,14.4,10.3,19,"PRK",0,1,NA,"North Korea","Eastern Asia",NA,0,0,25.0662437,31.114595,43.04246417,9.686072988,8.659744506,0.8766130258
"434",2019,NA,13.1,9.3,17.3,"PRK",0,1,NA,"North Korea","Eastern Asia",NA,0,0,24.9304315,31.5163749,42.81196282,9.922216895,8.654451039,0.8763992431
"435",2004,10,3.9,2.6,5,"PRT",0,1,NA,"Portugal","Southern Europe",18.06415809,1,1,57.6263296,51.0090295,49.66197846,7.906121519,15.6841366,0.7582873169
"436",2005,174,25,16.1,30,"PRY",0,1,NA,"Paraguay","Latin America and the Caribbean",1.960514766,0,0,35.1661952,39.7442063,68.39616072,7.539217719,22.50977007,1.326155353
"437",2008,158,23.2,14.8,27.7,"PRY",0,1,NA,"Paraguay","Latin America and the Caribbean",4.360429109,0,0,36.3059192,39.8844316,63.98244083,7.836170746,22.47601344,1.26939737
"438",2009,153,22.6,14.4,26.9,"PRY",0,1,NA,"Paraguay","Latin America and the Caribbean",3.920186071,0,0,36.6683309,39.9539328,62.65700369,7.936001805,22.51782299,1.556985142
"439",2012,141,20.8,13.1,24.6,"PRY",0,1,NA,"Paraguay","Latin America and the Caribbean",5.617104918,0,0,38.0625574,40.2295446,58.93619179,8.238386557,23.34589827,1.371758826
"440",2013,138,20.2,12.7,23.8,"PRY",0,1,NA,"Paraguay","Latin America and the Caribbean",6.410814703,0,0,38.5089351,40.518788,57.91738912,8.340145592,22.39986969,1.420860362
"441",2016,130,18.4,11.6,21.6,"PRY",0,1,NA,"Paraguay","Latin America and the Caribbean",5.759042198,0,0,42.5009789,41.4907037,55.93454875,8.648231156,22.26441643,1.60063908
"442",2000,54,18.1,10.5,21.6,"ROU",0,1,NA,"Romania","Eastern Europe",1.65990764,0,0,29.8958241,25.0795188,46.9952265,10.37893021,10.66662314,0.4353340669
"443",2000,56,15.5,9,19.3,"RUS",1,0,TRUE,"Russian Federation","Eastern Europe",1.771594116,0,0,42.0194191,31.1864804,44.23647132,11.77608489,5.086284955,0.6025184449
"444",2003,49,12.9,7.3,16.1,"RUS",1,1,TRUE,"Russian Federation","Eastern Europe",2.975125244,0,0,41.6512736,31.3138931,41.1168623,11.97984917,4.679011378,0.5640627419
"445",2004,45,12,6.8,14.9,"RUS",1,0,TRUE,"Russian Federation","Eastern Europe",4.102364746,0,0,41.7125579,31.5644054,40.98370214,12.04558028,5.086510306,0.6559881815
"446",2006,36,10.3,6,12.8,"RUS",1,0,TRUE,"Russian Federation","Eastern Europe",6.920188965,0,0,41.8610309,32.0123209,40.67898508,12.17446839,4.552485902,0.5911922853
"447",2007,32,9.6,5.4,11.9,"RUS",1,0,TRUE,"Russian Federation","Eastern Europe",9.101254883,0,0,41.9240048,32.1812539,40.35026437,12.23782661,5.686381423,0.5758217674
"448",2008,30,9,4.9,11.2,"RUS",1,0,TRUE,"Russian Federation","Eastern Europe",11.63527246,0,0,42.0085031,32.3806194,39.77202869,12.30061524,5.769205014,0.5867603858
"449",2010,25,8.3,4.6,10.4,"RUS",0,1,TRUE,"Russian Federation","Eastern Europe",10.67499609,0,0,42.1710312,32.6886908,38.79547157,12.42487218,4.880861254,0.5452150486
"450",2012,22,7.9,4.7,9.8,"RUS",0,1,TRUE,"Russian Federation","Eastern Europe",15.420875,0,0,42.3270634,32.8623478,39.91609376,12.54781577,4.965964055,0.6130467549
"451",2002,961,90.3,37.3,149.6,"RWA",1,0,TRUE,"Rwanda","Sub-Saharan Africa",0.2346823578,0,0,10.3650479,24.3246675,88.87413504,3.69516915,19.61997147,1.177008606
"452",2003,870,81.4,34.6,133.5,"RWA",0,1,NA,"Rwanda","Sub-Saharan Africa",0.2494349583,0,0,11.0960066,24.9266519,87.0339401,3.77977617,19.68831606,1.239259083
"453",2008,427,50.2,25.1,76.3,"RWA",1,0,NA,"Rwanda","Sub-Saharan Africa",0.5292611982,0,0,13.2190818,28.0494366,83.64244864,4.222110437,19.16596143,1.10805461
"454",2011,390,49.6,31.4,73.7,"SDN",0,1,TRUE,"Sudan","Northern Africa",1.982831055,0,0,6.8663483,21.2293754,80.88089115,5.81408743,28.72404612,0.2912391504
"455",2015,320,45.2,29.5,65.9,"SDN",0,1,TRUE,"Sudan","Northern Africa",2.226421631,0,0,8.2281307,22.2769697,81.07214936,6.43316679,28.94153611,0.3030629894
"456",2002,537,62.3,36,115.1,"SEN",0,1,TRUE,"Senegal","Sub-Saharan Africa",0.6881875063,0,0,18.2779573,27.2004772,88.76164632,2.518434696,27.62896106,0.4489483845
"457",2011,423,40.7,26,62.1,"SEN",0,1,TRUE,"Senegal","Sub-Saharan Africa",1.383539193,0,0,21.783791,29.1019975,86.8192681,3.248587056,27.40931879,0.5947156749
"458",2014,364,36.2,24.2,52.3,"SEN",0,1,TRUE,"Senegal","Sub-Saharan Africa",1.417095074,0,0,21.7983179,29.8597735,86.57548842,3.531426509,27.47870173,0.5566414239
"459",2018,NA,30.8,21.8,41.7,"SEN",0,1,NA,"Senegal","Sub-Saharan Africa",1.484239673,0,0,21.8239563,30.9754088,84.27982727,3.946964788,27.90435277,0.6355067463
"460",2007,172,23.8,11.7,28.4,"SLB",1,0,NA,"Solomon Islands","Melanesia",1.377862006,0,0,14.0332014,8.384782,81.94595179,4.839659488,25.07191742,2.947312565
"461",2010,141,22.2,10.8,26.4,"SLB",1,0,NA,"Solomon Islands","Melanesia",1.661998091,0,0,14.4548621,8.4559572,80.56287861,5.116482114,25.17845775,2.940949598
"462",2013,122,20.5,9.8,24.2,"SLB",1,0,NA,"Solomon Islands","Melanesia",2.208095867,0,0,15.0387472,8.6051025,79.28024997,5.398012316,25.07029307,2.936930483
"463",2015,112,19.3,9.2,22.7,"SLB",0,1,NA,"Solomon Islands","Melanesia",2.134802451,0,0,15.6951767,8.6953364,78.42196769,5.588316225,25.07963768,2.933648444
"464",2016,108,18.8,8.9,22,"SLB",1,0,NA,"Solomon Islands","Melanesia",2.196270903,0,0,15.9014061,8.7606545,77.92854553,5.68425083,25.0869986,2.931992062
"465",2001,75,26,14.1,31.3,"SLV",1,1,NA,"El Salvador","Latin America and the Caribbean",2.051158774,0,0,29.039623,29.847697,72.03206963,5.522781856,25.02462245,1.666583463
"466",2005,62,21.2,11.6,25.1,"SLV",1,0,NA,"El Salvador","Latin America and the Caribbean",2.434323531,0,0,29.9699389,31.3616653,69.80765986,5.905546452,25.08275731,1.835126029
"467",2006,60,20.2,11.1,23.8,"SLV",1,0,NA,"El Salvador","Latin America and the Caribbean",2.651430888,0,0,30.2338929,31.7507475,69.20151558,6.001269884,25.0569344,1.94439707
"468",2009,57,17.4,9.7,20.4,"SLV",0,1,NA,"El Salvador","Latin America and the Caribbean",2.889685887,0,0,30.6751139,32.6067491,64.97783797,6.289615669,25.29233572,1.521331761
"469",2014,49,13.8,7.8,16.1,"SLV",0,1,NA,"El Salvador","Latin America and the Caribbean",3.638517658,0,0,31.5430899,33.9836463,56.84016891,6.778932063,25.15448893,1.565948564
"470",2018,NA,11.9,6.7,13.8,"SLV",1,1,NA,"El Salvador","Latin America and the Caribbean",4.145862351,0,0,32.515621,34.9358099,53.05386345,7.182631093,25.32787702,1.746872869
"471",2019,NA,11.5,6.5,13.3,"SLV",1,0,NA,"El Salvador","Latin America and the Caribbean",4.280288404,0,0,33.9234014,35.125719,52.53743778,7.285524694,25.32461485,1.747112941
"472",2004,1080,104.4,45.7,172.7,"SOM",1,1,TRUE,"Somalia","Sub-Saharan Africa",NA,0,0,11.665585,24.3015969,100.5371917,3.644410675,26.87768096,0.3697576201
"473",2005,1040,104.4,45.9,172.6,"SOM",0,1,TRUE,"Somalia","Sub-Saharan Africa",NA,0,0,11.6757125,24.6588159,101.5136881,3.73425554,26.85568969,0.3587342251
"474",2008,1010,101.1,45,166.5,"SOM",0,1,TRUE,"Somalia","Sub-Saharan Africa",NA,0,0,11.6954317,25.8256465,103.8729714,4.016453405,26.62632598,0.3544136146
"475",2010,985,96.2,43.6,157.4,"SOM",0,1,TRUE,"Somalia","Sub-Saharan Africa",NA,0,0,11.7048822,26.6388456,102.9974177,4.216834876,26.91696709,0.3475432748
"476",2011,955,93.8,42.9,152.8,"SOM",0,1,TRUE,"Somalia","Sub-Saharan Africa",NA,0,0,11.7052729,27.0341991,102.5231267,4.321221131,27.02375254,0.3754308397
"477",2014,878,85.9,40.8,138.4,"SOM",0,1,TRUE,"Somalia","Sub-Saharan Africa",0.3775573872,0,0,11.7149081,28.1102301,101.4540185,4.652977773,27.06529483,0.3617430337
"478",2015,855,83.6,40,134.3,"SOM",0,1,TRUE,"Somalia","Sub-Saharan Africa",0.3876079944,0,0,11.7154065,28.4118371,101.2373756,4.770154468,27.25390916,0.3873033682
"479",2019,NA,74.8,37.4,118.3,"SOM",0,1,TRUE,"Somalia","Sub-Saharan Africa",0.4057867633,0,0,11.7253886,28.4962619,100.201488,5.274119282,27.13474585,0.440935083
"480",2010,12,6.6,4.8,7.6,"SRB",1,0,NA,"Serbia","Southern Europe",5.735422857,0,0,30.7987704,25.4613017,47.15211786,11.93172359,11.22096994,0.9945269967
"481",2009,1170,72.4,44.3,114,"SSD",0,1,NA,"South Sudan","Sub-Saharan Africa",1.325275077,0,0,0,3.292499,85.80993939,2.994918794,28.81308036,0.8366225106
"482",2016,1130,63.3,40.4,97.9,"SSD",0,1,TRUE,"South Sudan","Sub-Saharan Africa",NA,0,0,0,3.6067785,88.73644994,3.763956797,27.76373609,0.9300150361
"483",2004,11,3.7,2.6,4.4,"SVN",1,0,NA,"Slovenia","Southern Europe",17.23313856,0,1,29.7581447,29.2236083,41.91588851,11.80947381,9.295944303,1.42455297
"484",2001,528,69,25.2,115.8,"SWZ",0,1,NA,"Swaziland","Sub-Saharan Africa",1.481163082,0,0,7.3337881,5.8856899,84.77310471,5.882639025,19.99106588,0.9103072345
"485",2007,496,59.3,22.4,103.8,"SWZ",0,1,NA,"Swaziland","Sub-Saharan Africa",3.200496672,0,0,7.8662145,7.1902142,74.87678848,6.581963411,20.42163301,0.755214138
"486",2016,436,42.6,21.8,55.6,"SWZ",0,1,NA,"Swaziland","Sub-Saharan Africa",3.339992899,0,0,11.4337934,9.2618852,68.21776989,7.625290965,21.12249528,0.8772776042
"487",2019,NA,37.7,20.7,48,"SWZ",0,1,NA,"Swaziland","Sub-Saharan Africa",3.843377391,0,0,11.744219,9.3385608,65.92326418,7.967133307,20.62319113,0.9093626397
"488",2004,55,11.8,8.6,13.7,"SYC",1,0,NA,"Seychelles","Sub-Saharan Africa",10.17665871,0,0,25.9425802,15.2085676,49.55482619,8.422974918,27.27221473,2.237336846
"489",2008,26,16.2,10.2,18.9,"SYR",0,1,NA,"Syria","Western Asia",10.15597367,0,0,34.6295532,44.5032942,65.80676808,8.250525058,17.81839735,0.2667322243
"490",2001,1410,98.2,43.2,180.5,"TCD",0,1,TRUE,"Chad","Sub-Saharan Africa",0.2003610061,0,0,8.350219,9.2269479,107.2462868,1.936622794,27.71096829,0.6550156126
"491",2009,1270,85.8,38.2,151.7,"TCD",0,1,TRUE,"Chad","Sub-Saharan Africa",0.808161563,0,0,8.4766725,10.1742722,103.3361008,2.553351551,28.55697511,0.6662107267
"492",2012,1190,80.6,37.1,139.8,"TCD",0,1,NA,"Chad","Sub-Saharan Africa",0.9696162149,0,0,8.4857751,10.6893943,102.7257476,2.821042361,28.09662669,0.7836016375
"493",2017,1140,72.4,34.5,121.1,"TCD",0,1,TRUE,"Chad","Sub-Saharan Africa",0.66289753,0,0,8.4639705,11.5027031,101.0174873,3.316614282,27.99777696,0.7054979696
"494",2002,44,17,11.2,19.9,"THA",0,1,TRUE,"Thailand","South-eastern Asia",2.091178076,0,0,15.2932819,28.1542655,41.78331382,7.042967667,27.84738958,1.522798402
"495",2004,46,15.5,10.2,18,"THA",1,0,TRUE,"Thailand","South-eastern Asia",2.64726172,0,0,16.4309009,28.2716828,40.9098532,7.266543838,27.72003473,1.310408393
"496",2005,43,14.8,9.7,17.2,"THA",0,1,TRUE,"Thailand","South-eastern Asia",2.876247918,0,0,17.0551718,28.3725157,40.63162335,7.378821736,27.96183574,1.480092239
"497",2008,43,12.8,8.4,14.9,"THA",0,1,TRUE,"Thailand","South-eastern Asia",4.3277976,0,0,19.3016577,28.6957336,39.65321993,7.716865288,26.90317559,1.628748622
"498",2010,42,11.7,7.7,13.6,"THA",0,1,TRUE,"Thailand","South-eastern Asia",4.996372886,0,0,20.7722698,28.9647698,39.14957898,7.94275703,27.94138606,1.605582233
"499",2011,41,11.2,7.3,13,"THA",1,1,TRUE,"Thailand","South-eastern Asia",5.396649426,0,0,21.7833303,29.141794,38.91094449,8.055733226,27.00696032,1.868206328
"500",2012,39,10.6,7,12.4,"THA",0,1,TRUE,"Thailand","South-eastern Asia",5.748631241,0,0,22.7977736,29.3597034,38.80456668,8.168681058,27.87338034,1.49905578
"501",2014,38,9.7,6.4,11.3,"THA",1,1,TRUE,"Thailand","South-eastern Asia",5.822383699,0,0,24.1572444,29.757932,39.1920575,8.394375629,27.63836528,1.386892365
"502",2015,38,9.3,6.1,10.8,"THA",0,1,TRUE,"Thailand","South-eastern Asia",5.708796925,0,0,24.9831142,29.9413821,39.59902574,8.50706099,28.02671659,1.397066862
"503",2019,NA,7.7,5.1,9,"THA",0,1,TRUE,"Thailand","South-eastern Asia",7.63003961,0,0,28.5446855,30.7947853,41.91309591,8.955942579,27.73365505,1.905648599
"504",2000,53,67.6,28.4,83.6,"TJK",1,1,TRUE,"Tajikistan","Central Asia",0.1371786057,0,0,13.6208437,25.3595459,85.5880329,9.896643554,11.95972667,0.4111927388
"505",2002,43,58.4,26,71,"TJK",1,0,NA,"Tajikistan","Central Asia",0.186665627,0,0,13.6541556,25.4332431,80.77528476,10.02820778,12.12231181,0.6042857302
"506",2004,33,50.4,23.8,60.1,"TJK",1,0,NA,"Tajikistan","Central Asia",0.3052668999,0,0,13.6882083,26.7167957,76.11288185,10.15317216,12.66890242,0.5383494259
"507",2006,29,44.1,22.5,51.9,"TJK",1,0,TRUE,"Tajikistan","Central Asia",0.4010278425,0,0,13.7012485,26.5741782,71.9260798,10.27276861,12.39822432,0.4791965212
"508",2007,27,41.7,22,48.8,"TJK",1,0,TRUE,"Tajikistan","Central Asia",0.5174323674,0,0,13.712134,26.6042309,70.24419761,10.33093721,12.34408658,0.4725394818
"509",2008,26,39.7,21.5,46.3,"TJK",0,1,NA,"Tajikistan","Central Asia",0.7046553137,0,0,13.7134624,26.6899201,68.86923323,10.38823426,12.09988042,0.4088268341
"510",2010,23,36.9,20.1,42.7,"TJK",1,0,TRUE,"Tajikistan","Central Asia",0.7402705562,0,0,13.7425194,26.6691082,66.63293975,10.50074004,12.54770123,0.4726776286
"511",2011,22,35.8,19.2,41.4,"TJK",1,0,TRUE,"Tajikistan","Central Asia",0.8378784661,0,0,13.7518775,27.0827464,65.97055484,10.55613699,11.93359279,0.4905188702
"512",2012,21,35,18.3,40.3,"TJK",1,0,TRUE,"Tajikistan","Central Asia",0.959361905,0,0,13.7693284,27.2180637,65.64411252,10.61106559,11.42108703,0.5261592724
"513",2015,18,32.6,16.3,37.5,"TJK",1,0,TRUE,"Tajikistan","Central Asia",0.9703652238,0,0,14.7922298,27.5431057,65.5556805,10.77377427,12.46683781,0.5696835621
"514",2016,17,31.8,15.9,36.5,"TJK",1,0,NA,"Tajikistan","Central Asia",0.8013912831,0,0,14.8066529,27.7021959,65.62140119,10.82751958,12.860138,0.5429865383
"515",2000,29,57.5,29.6,69.7,"TKM",1,0,NA,"Turkmenistan","Central Asia",0.6357143118,0,0,12.5720661,9.9187443,70.40657708,9.277992832,16.24752219,0.1203209115
"516",2007,300,58.8,27.2,71.6,"TLS",0,1,NA,"Timor-Leste","South-eastern Asia",0.532485463,0,0,17.3364898,8.8789984,86.94850008,4.277573832,24.99548133,1.338454661
"517",2015,160,42.8,21.9,50.2,"TLS",1,0,NA,"Timor-Leste","South-eastern Asia",1.322300913,0,0,23.2175394,11.0530313,80.28302522,5.359715353,25.11842886,1.372513422
"518",2016,152,41.4,21.4,48.4,"TLS",0,1,NA,"Timor-Leste","South-eastern Asia",1.347926336,0,0,23.9798213,10.6638264,78.51512673,5.491241309,25.62275488,1.333960992
"519",2009,61,11.5,5.6,13.4,"TON",1,0,NA,"Tonga","Polynesia",2.915491108,0,0,0,0.1088776,77.00809516,8.768801125,24.81282091,1.714369654
"520",2015,54,10.7,5.3,12.4,"TON",0,1,NA,"Tonga","Polynesia",4.117960717,0,0,0,0.1131224,74.67779369,9.365283989,24.76528754,1.669710838
"521",2010,71,20.1,14.4,22.5,"TTO",0,1,NA,"Trinidad and Tobago","Latin America and the Caribbean",15.71155871,0,0,15.0313984,38.9746418,38.04668718,9.849236719,27.06185135,1.957620596
"522",2000,42,30.9,18.2,37.9,"TUR",1,0,TRUE,"Turkey","Western Asia",4.27839313,1,1,27.5612633,23.5006185,57.45772816,7.796972761,12.99780268,0.591552852
"523",2001,41,29,17.1,35.3,"TUR",1,0,TRUE,"Turkey","Western Asia",3.100428642,1,1,27.8025493,23.8514077,56.6120523,7.960126732,13.97875457,0.6548371876
"524",2002,39,27.1,15.9,32.7,"TUR",1,0,TRUE,"Turkey","Western Asia",3.640825641,1,1,28.0481786,24.1996282,55.75168717,8.123877641,13.03995229,0.6494286996
"525",2003,38,25.3,14.9,30.4,"TUR",1,0,TRUE,"Turkey","Western Asia",4.704725644,1,1,28.2905955,24.52853,54.77294686,8.288111038,13.02404704,0.6619229124
"526",2004,35,23.6,14,28.2,"TUR",1,0,TRUE,"Turkey","Western Asia",6.031947927,1,1,29.829297,24.8818201,53.7811786,8.452698585,13.10758916,0.5693618649
"527",2005,33,22,13,26.2,"TUR",1,0,TRUE,"Turkey","Western Asia",7.369338647,1,1,30.0973178,25.2468124,52.912513,8.617477529,13.16788923,0.6425395105
"528",2010,24,15.5,9,18.1,"TUR",1,0,TRUE,"Turkey","Western Asia",10.61532806,1,1,32.945775,26.935641,49.44532861,9.439654417,14.89112643,0.7161581221
"529",2011,23,14.5,8.3,16.9,"TUR",1,0,TRUE,"Turkey","Western Asia",11.3080649,1,1,33.2562135,27.2687314,48.71737082,9.603182997,12.90870254,0.6334581996
"530",2014,19,11.9,6.7,13.8,"TUR",1,0,TRUE,"Turkey","Western Asia",12.02058264,1,1,34.1802292,28.2757851,46.77815836,10.09106858,14.28025451,0.7022711165
"531",2017,17,9.8,5.8,11.4,"TUR",1,0,TRUE,"Turkey","Western Asia",10.4641014,1,1,35.1654164,29.2526249,45.96018115,10.5744199,13.81442239,0.5975466423
"532",2019,NA,8.6,5.3,10.1,"TUR",1,0,TRUE,"Turkey","Western Asia",9.103043375,1,1,36.3449827,29.912749,46.74185858,10.89370438,13.83532588,0.5982253456
"533",2000,854,78.9,33.7,129.7,"TZA",1,0,FALSE,"Tanzania","Sub-Saharan Africa",0.3994511414,0,0,14.0842802,14.4295445,90.29140001,4.896319939,22.81718461,0.8759752955
"534",2001,819,74.4,32.5,121.9,"TZA",1,0,NA,"Tanzania","Sub-Saharan Africa",0.3947307739,0,0,14.5975602,14.5417359,90.05304392,4.993780878,22.92172164,0.9301376672
"535",2002,788,69.9,31.3,114,"TZA",1,0,TRUE,"Tanzania","Sub-Saharan Africa",0.4004275513,0,0,14.8870821,14.7440991,89.91031619,5.090862171,23.13274939,1.160566065
"536",2003,763,65.6,30.2,106.5,"TZA",0,1,NA,"Tanzania","Sub-Saharan Africa",0.4197723694,0,0,15.235145,14.9755621,89.87807374,5.187799803,23.38540944,0.7709141086
"537",2004,741,61.9,29.1,99.9,"TZA",1,1,NA,"Tanzania","Sub-Saharan Africa",0.4475133362,0,0,15.6360109,15.1501299,89.9645741,5.284843046,22.86441331,0.9731474594
"538",2005,721,58.5,28.1,93.9,"TZA",1,0,NA,"Tanzania","Sub-Saharan Africa",0.4802756348,0,0,16.0934645,15.289385,90.20435747,5.382243739,23.01672238,0.768422281
"539",2006,703,55.8,27.4,88.8,"TZA",0,1,NA,"Tanzania","Sub-Saharan Africa",0.473367981,0,0,16.4329085,15.4273243,90.53495054,5.480246771,22.94074836,1.244318216
"540",2011,628,45.5,24.3,68.4,"TZA",0,1,NA,"Tanzania","Sub-Saharan Africa",0.7689334717,0,0,18.9688951,16.5503196,92.34434305,5.987092106,22.94772891,1.01895917
"541",2016,539,39.7,21.9,56,"TZA",1,0,NA,"Tanzania","Sub-Saharan Africa",0.9424729614,0,0,21.6499871,17.3098105,91.6587384,6.539619111,23.42808659,1.116147193
"542",2002,537,79.2,30.5,131.6,"UGA",0,1,TRUE,"Uganda","Sub-Saharan Africa",0.2418689302,0,0,12.1263266,15.9360978,111.1957232,5.702342695,23.55346827,1.280177713
"543",2005,491,65.6,27.9,107.1,"UGA",0,1,TRUE,"Uganda","Sub-Saharan Africa",0.3306028578,0,0,12.6798379,16.6697741,110.0967691,6.036827941,23.46603889,1.100056822
"544",2008,455,54.5,26.1,86.8,"UGA",0,1,TRUE,"Uganda","Sub-Saharan Africa",0.4733028298,0,0,13.1143259,17.2350452,108.0320225,6.3831832,23.17865401,1.287530913
"545",2010,430,49.5,25,76.3,"UGA",0,1,TRUE,"Uganda","Sub-Saharan Africa",0.8247376784,0,0,13.6716679,17.5660442,106.0973912,6.622824318,23.47433137,1.42293465
"546",2016,381,37.3,21.5,52.4,"UGA",1,0,NA,"Uganda","Sub-Saharan Africa",0.7536844086,0,0,15.4345468,18.6134336,98.13256842,7.393125254,23.36916043,1.353163465
"547",2012,24,9.2,6.3,10.7,"UKR",0,1,NA,"Ukraine","Eastern Europe",4.004804443,0,0,45.1383722,45.5706869,42.24883954,12.61337629,9.64524207,0.5642166516
"548",2018,NA,6.3,4,7.3,"URY",0,1,NA,"Uruguay","Latin America and the Caribbean",18.82528381,0,0,80.6213385,49.7947686,55.08935291,9.384414343,18.23580427,1.283735609
"549",2000,12,7.1,4.6,8.4,"USA",1,1,NA,"United States","Northern America",36.32995607,1,1,51.5328253,57.0631455,50.9275264,12.51694869,13.49841531,0.9201909673
"550",2001,13,7,4.6,8.3,"USA",1,0,NA,"United States","Northern America",37.13362311,1,1,51.8000108,57.2898697,50.5622594,12.53952109,13.9688332,0.9274258138
"551",2002,13,6.9,4.6,8.2,"USA",0,1,TRUE,"United States","Northern America",37.99775966,1,1,52.0683305,57.4906813,50.21193539,12.56097416,14.00487696,0.9585984226
"552",2003,13,6.9,4.6,8.1,"USA",1,0,NA,"United States","Northern America",39.49027496,1,1,52.3532543,57.6455002,49.85838305,12.58138776,13.54945255,1.046568896
"553",2006,14,6.7,4.4,7.9,"USA",1,0,NA,"United States","Northern America",46.30200088,1,1,53.210556,57.7686603,48.90161868,12.63728989,14.56587749,0.9783857203
"554",2007,14,6.6,4.3,7.7,"USA",0,1,NA,"United States","Northern America",48.05022378,1,1,53.4962152,57.8959653,48.74979172,12.65456291,14.26534615,0.8939247675
"555",2008,14,6.5,4.3,7.6,"USA",1,0,NA,"United States","Northern America",48.57004598,1,1,53.7919063,58.1279223,48.82407051,12.67138415,13.77605134,0.9864733476
"556",2010,15,6.2,4.1,7.3,"USA",1,0,NA,"United States","Northern America",48.65064313,1,1,54.412801,58.6959353,49.02033484,12.70413826,14.19078092,0.9496790444
"557",2011,15,6.1,4.1,7.2,"USA",0,1,TRUE,"United States","Northern America",50.0659665,1,1,54.6605821,58.8729578,49.28494494,12.72033093,14.41070374,1.037947212
"558",2012,16,6,4.1,7.1,"USA",0,1,NA,"United States","Northern America",51.78441857,1,1,54.9081417,59.0324019,49.76039018,12.73660673,15.27600965,0.9275926312
"559",2014,16,5.9,4,6.9,"USA",1,1,NA,"United States","Northern America",55.12384979,1,1,55.4360889,59.3257721,50.50938055,12.76991266,13.88950164,0.9968961996
"560",2015,18,5.8,3.9,6.8,"USA",0,1,NA,"United States","Northern America",56.76272945,1,1,55.6970947,59.4972257,50.6589374,12.78715517,14.81821321,1.070222677
"561",2016,19,5.7,3.8,6.7,"USA",1,0,TRUE,"United States","Northern America",57.86674493,1,1,55.9294354,59.6581756,51.16361947,12.80493808,15.29063264,0.969436729
"562",2017,19,5.7,3.8,6.6,"USA",0,1,NA,"United States","Northern America",59.90775426,1,1,56.1635663,59.6865339,51.79623726,12.82337879,15.06745861,1.055352425
"563",2018,NA,5.6,3.7,6.5,"USA",0,1,TRUE,"United States","Northern America",62.82330944,1,1,56.4016848,59.6619525,52.227204,12.84255618,15.08783394,1.054543248
"564",2019,NA,5.5,3.5,6.4,"USA",1,0,NA,"United States","Northern America",65.12039466,1,1,56.6409996,59.6885908,52.73635005,12.86252299,15.1084134,1.053724641
"565",2000,41,50.8,27.8,60.7,"UZB",0,1,TRUE,"Uzbekistan","Central Asia",0.5582268024,0,0,8.6162602,16.1457338,70.85300566,10.64381583,13.62291737,0.2667928568
"566",2011,32,23.4,14.3,26.4,"UZB",1,0,NA,"Uzbekistan","Central Asia",2.051129515,0,0,7.9352605,17.6930406,49.97553519,11.37205799,13.17937479,0.3228639769
"567",2010,63,17.8,12.6,19.8,"VCT",0,1,NA,"Saint Vincent and the Grenadines","Latin America and the Caribbean",6.590989579,0,0,12.8636254,16.3150704,52.00456119,7.007218147,27.5751864,1.983153288
"568",2009,119,14.6,10.2,17,"VEN",0,1,TRUE,"Venezuela","Latin America and the Caribbean",11.64179915,0,0,26.5330151,27.5032227,56.04221066,7.617870862,25.62866936,0.8684974286
"569",2002,62,21.7,13.8,27.4,"VNM",0,1,NA,"Vietnam","South-eastern Asia",0.4348102921,0,0,33.3156156,40.6095893,56.19166198,7.884349673,25.98151664,1.985717276
"570",2005,54,19.9,12.6,24.9,"VNM",0,1,NA,"Vietnam","South-eastern Asia",0.6931898411,0,0,33.7537359,41.3733149,51.00602184,8.126877249,25.89944626,1.925805592
"571",2015,45,17.4,11.1,21.8,"VNM",0,1,NA,"Vietnam","South-eastern Asia",2.595234979,0,0,38.095192,43.6544967,43.76692733,8.951322677,26.21761499,1.8843047
"572",2019,NA,16.9,10.2,21.1,"VNM",0,1,NA,"Vietnam","South-eastern Asia",3.491091274,0,0,39.9429467,44.8432481,44.78602989,9.29797189,25.81754396,1.967748902
"573",2002,128,23.6,11.8,28.1,"VUT",1,0,NA,"Vanuatu","Melanesia",1.29917921,0,0,15.3912148,0.5885357,84.98773613,5.520507381,23.87411667,2.588921118
"574",2009,58,18.8,7.9,25.7,"WSM",1,0,NA,"Samoa","Polynesia",3.250953097,0,0,0,13.6681021,78.68136747,8.681121146,27.52343815,3.12694086
"575",2015,45,15.9,7.4,18.6,"WSM",0,1,NA,"Samoa","Polynesia",4.048513876,0,0,0,13.6747125,75.74828845,9.24838014,27.32061712,3.612996881
"576",2004,195,49.4,14.8,77.7,"ZAF",0,1,NA,"South Africa","Sub-Saharan Africa",5.268272867,0,0,61.6184456,36.712541,55.75084366,8.415080668,18.53276287,0.689703617
"577",2005,201,49.4,14.4,78.8,"ZAF",1,0,FALSE,"South Africa","Sub-Saharan Africa",5.893213024,0,0,62.1188774,36.7949713,54.25697075,8.514287081,18.7448416,0.5593058551
"578",2014,128,29.4,11,37.6,"ZAF",1,0,NA,"South Africa","Sub-Saharan Africa",6.965137897,0,0,65.9728551,38.2328472,50.92654436,9.387113043,18.4698107,0.694223125
"579",2015,125,28.6,11.1,36.3,"ZAF",0,1,NA,"South Africa","Sub-Saharan Africa",6.204929901,0,0,66.3385711,38.3174233,50.84676821,9.483467369,18.8141648,0.5670108707
"580",2017,119,27.6,11.1,34.6,"ZAF",0,1,TRUE,"South Africa","Sub-Saharan Africa",6.734475153,0,0,66.9550549,38.6409601,52.26129955,9.676577514,18.59940841,0.6420209982
"581",2019,NA,26.3,10.8,33,"ZAF",0,1,TRUE,"South Africa","Sub-Saharan Africa",6.688787271,0,0,67.6184205,38.9606443,53.12835554,9.870455305,18.59101655,0.6406588811
"582",2005,421,61.9,27.9,106.2,"ZMB",0,1,NA,"Zambia","Sub-Saharan Africa",0.7204465047,0,0,14.3207565,25.3980405,97.88558646,7.097106076,23.01508716,0.8509463476
"583",2019,NA,42.9,24.4,64.1,"ZMB",0,1,NA,"Zambia","Sub-Saharan Africa",1.268120941,0,0,19.5772658,29.2672398,84.54315562,8.894424221,21.91007731,1.07306593
"584",2001,629,51.1,25.2,93.8,"ZWE",0,1,NA,"Zimbabwe","Sub-Saharan Africa",0.5690032086,0,0,25.0067455,23.6609448,81.25248422,7.223300507,21.01698693,0.9750294921
"585",2007,671,54.6,30.7,95.7,"ZWE",0,1,NA,"Zimbabwe","Sub-Saharan Africa",0.4250368417,0,0,25.3647476,23.4739969,83.03161201,7.918396258,21.18055411,0.7583659039
"586",2010,598,52.1,30.8,86.4,"ZWE",0,1,FALSE,"Zimbabwe","Sub-Saharan Africa",0.9378403384,0,0,25.5103864,23.2885148,85.56456787,8.250225002,21.53472777,0.729092507
"587",2013,509,44.8,28.7,66.3,"ZWE",0,1,TRUE,"Zimbabwe","Sub-Saharan Africa",1.40836781,0,0,25.5328588,24.0460347,86.44543323,8.573429012,20.77220954,0.6717219988
"588",2017,458,39.9,27,57,"ZWE",0,1,NA,"Zimbabwe","Sub-Saharan Africa",1.192107012,0,0,26.4928066,25.2933316,83.10128581,8.994252293,20.85962133,0.9533148586
